t              pw-in-box.fdtd_after_Ex_3_3_5.dat       incid
0.00000000000000000e+00   0.00000000000000000e+00   0.00000000000000000e+00
1.54066656123717649e-11   0.00000000000000000e+00   0.00000000000000000e+00
3.08133312247435298e-11   0.00000000000000000e+00   0.00000000000000000e+00
4.62199968371152915e-11   0.00000000000000000e+00   0.00000000000000000e+00
6.16266624494870596e-11   0.00000000000000000e+00   0.00000000000000000e+00
7.70333280618588278e-11   0.00000000000000000e+00   0.00000000000000000e+00
9.24399936742305830e-11   0.00000000000000000e+00   0.00000000000000000e+00
1.07846659286602351e-10   0.00000000000000000e+00   0.00000000000000000e+00
1.23253324898974119e-10   0.00000000000000000e+00   0.00000000000000000e+00
1.38659990511345887e-10   0.00000000000000000e+00   6.38230415647742278e-44
1.54066656123717656e-10   -5.66530111382074199e-44   3.27891669588293338e-43
1.69473321736089424e-10   -3.52406848359698690e-43   1.66176954990165978e-42
1.84879987348461166e-10   -1.82340049545917454e-42   8.30803839933600843e-42
2.00286652960832934e-10   -9.12906084215582843e-42   4.09791477768888268e-41
2.15693318573204702e-10   -4.50649196415564940e-41   1.99395657699823728e-40
2.31099984185576470e-10   -2.19410660718045387e-40   9.57098425608703492e-40
2.46506649797948239e-10   -1.05342265810853881e-39   4.53244550682647333e-39
2.61913315410320007e-10   -4.98870887403623802e-39   2.11737473130243055e-38
2.77319981022691775e-10   -2.33073792709463180e-38   9.75779786171730819e-38
2.92726646635063543e-10   -1.07429158240277179e-37   4.43648880562111298e-37
3.08133312247435311e-10   -4.88523592748379089e-37   1.98983417512389762e-36
3.23539977859807079e-10   -2.19174644532463419e-36   8.80408326587508315e-36
3.38946643472178847e-10   -9.70108371822422679e-36   3.84311445252580054e-35
3.54353309084550615e-10   -4.23627558234824931e-35   1.65490540807225553e-34
3.69759974696922332e-10   -1.82511185766682717e-34   7.02997165757412139e-34
3.85166640309294100e-10   -7.75750165505701385e-34   2.94621459528341568e-33
4.00573305921665868e-10   -3.25304390293499362e-33   1.21805414746359051e-32
4.15979971534037636e-10   -1.34586135848821943e-32   4.96775438757357175e-32
4.31386637146409404e-10   -5.49338565284745053e-32   1.99886086211012028e-31
4.46793302758781173e-10   -2.21216397596342092e-31   7.93409040264901720e-31
4.62199968371152941e-10   -8.78897270200397555e-31   3.10673182142880563e-30
4.77606633983524761e-10   -3.44501160643148198e-30   1.20015650160162323e-29
4.93013299595896477e-10   -1.33224073176567049e-29   4.57366998143442847e-29
5.08419965208268193e-10   -5.08299583714395725e-29   1.71943009834361279e-28
5.23826630820640013e-10   -1.91333564717873200e-28   6.37720428920446284e-28
5.39233296433011730e-10   -7.10565635381213839e-28   2.33329491284053241e-27
5.54639962045383550e-10   -2.60353833201290345e-27   8.42175091375399769e-27
5.70046627657755266e-10   -9.41154461095886042e-27   2.99888565365781260e-26
5.85453293270127086e-10   -3.35661763092636393e-26   1.05344429136262729e-25
6.00859958882498802e-10   -1.18111330832380178e-25   3.65054216183781398e-25
6.16266624494870622e-10   -4.10035465533779690e-25   1.24803456455553159e-24
6.31673290107242339e-10   -1.40442313308325487e-24   4.20911356922695905e-24
6.47079955719614158e-10   -4.74597595750386223e-24   1.40039146023567157e-23
6.62486621331985875e-10   -1.58232802250860470e-23   4.59653371413965396e-23
6.77893286944357695e-10   -5.20495668485930649e-23   1.48835607304401041e-22
6.93299952556729411e-10   -1.68923985651802116e-22   4.75421313375360045e-22
7.08706618169101231e-10   -5.40894372938056365e-22   1.49820560013108353e-21
7.24113283781472947e-10   -1.70878106257310629e-21   4.65757839872423977e-21
7.39519949393844664e-10   -5.32619291154170029e-21   1.42838391157405558e-20
7.54926615006216484e-10   -1.63794037495274075e-20   4.32164920873568822e-20
7.70333280618588200e-10   -4.96976189437128896e-20   1.28988393543110704e-19
7.85739946230960020e-10   -1.48775977475209680e-19   3.79794228805991702e-19
8.01146611843331736e-10   -4.39425048084005436e-19   1.10322663301003983e-18
8.16553277455703556e-10   -1.28055092168254895e-18   3.16139108380823412e-18
8.31959943068075273e-10   -3.68190138695062135e-18   8.93694079747997897e-18
8.47366608680447093e-10   -1.04449529149333392e-17   2.49239627156097569e-17
8.62773274292818809e-10   -2.92351178209707753e-17   6.85713886155459748e-17
8.78179939905190629e-10   -8.07365572171400780e-17   1.86108628883604102e-16
8.93586605517562345e-10   -2.19988042597010203e-16   4.98318003538520240e-16
9.08993271129934165e-10   -5.91420113770359842e-16   1.31626942858025813e-15
9.24399936742305882e-10   -1.56878719256664821e-15   3.42989833082627607e-15
9.39806602354677598e-10   -4.10582044719402969e-15   8.81725076869962601e-15
9.55213267967049521e-10   -1.06024982900222081e-14   2.23606165872559283e-14
9.70619933579421238e-10   -2.70141509728369888e-14   5.59413693386490684e-14
9.86026599191792954e-10   -6.79120454728519503e-14   1.38069240855196304e-13
1.00143326480416467e-09   -1.68452966442474518e-13   3.36170720799389779e-13
1.01683993041653639e-09   -4.12276981866435359e-13   8.07461915326835185e-13
1.03224659602890831e-09   -9.95579518398011031e-13   1.91336493664929630e-12
1.04765326164128003e-09   -2.37215346189167947e-12   4.47273456671945626e-12
1.06305992725365174e-09   -5.57688113178734106e-12   1.03144983571468469e-11
1.07846659286602346e-09   -1.29365900022148895e-11   2.34658243110646077e-11
1.09387325847839538e-09   -2.96094946698797536e-11   5.26651707311923652e-11
1.10927992409076710e-09   -6.68692142468964777e-11   1.16603418557208285e-10
1.12468658970313882e-09   -1.49005908427398924e-10   2.54689445681777445e-10
1.14009325531551053e-09   -3.27615907072230288e-10   5.48796075600681911e-10
1.15549992092788246e-09   -7.10740833456657234e-10   1.16657204224628384e-09
1.17090658654025417e-09   -1.52138821142916579e-09   2.44637602144819973e-09
1.18631325215262589e-09   -3.21330913900129587e-09   5.06099173260551467e-09
1.20171991776499760e-09   -6.69650610441352149e-09   1.03287782502566235e-08
1.21712658337736953e-09   -1.37696972960447711e-08   2.07956550077780709e-08
1.23253324898974124e-09   -2.79370660860470349e-08   4.13045018473494544e-08
1.24793991460211296e-09   -5.59262650853076750e-08   8.09325924244582583e-08
1.26334658021448468e-09   -1.10465206166265960e-07   1.56444077406310729e-07
1.27875324582685639e-09   -2.15282212255961190e-07   2.98329554569271119e-07
1.29415991143922832e-09   -4.13961952421021349e-07   5.61222480439614271e-07
1.30956657705160003e-09   -7.85374733190057426e-07   1.04155636807347209e-06
1.32497324266397175e-09   -1.47012367440769286e-06   1.90691924052767043e-06
1.34037990827634347e-09   -2.71510018855548241e-06   3.44416361637269972e-06
1.35578657388871539e-09   -4.94726869285712575e-06   6.13682247516029479e-06
1.37119323950108711e-09   -8.89378218615927168e-06   1.07871185564053277e-05
1.38659990511345882e-09   -1.57739639455250851e-05   1.87055119568022872e-05
1.40200657072583054e-09   -2.76006083731961739e-05   3.19993732130114018e-05
1.41741323633820246e-09   -4.76442613717081105e-05   5.40027322253580535e-05
1.43281990195057418e-09   -8.11345051944238236e-05   8.99067983077507179e-05
1.44822656756294589e-09   -1.36298371752881735e-04   1.47664640602204191e-04
1.46363323317531761e-09   -2.25867102217550922e-04   2.39256169035954722e-04
1.47903989878768933e-09   -3.69213749250599515e-04   3.82430546441687590e-04
1.49444656440006125e-09   -5.95317700520181514e-04   6.03043559280463243e-04
1.50985323001243297e-09   -9.46779772486267034e-04   9.38096868080906337e-04
1.52525989562480468e-09   -1.48511384002420962e-03   1.43962614285044442e-03
1.54066656123717640e-09   -2.29752712072235979e-03   2.17950557244857247e-03
1.55607322684954832e-09   -3.50534391517197917e-03   3.25513764507235704e-03
1.57147989246192004e-09   -5.27408173301623182e-03   4.79605311227917271e-03
1.58688655807429176e-09   -7.82500700608529040e-03   6.97114977605841398e-03
1.60229322368666347e-09   -1.14477191499226146e-02   9.99604400612226496e-03
1.61769988929903540e-09   -1.65128709628592149e-02   1.41401934788443675e-02
1.63310655491140711e-09   -2.34837330353276780e-02   1.97327663390319021e-02
1.64851322052377883e-09   -3.29248241215717580e-02   2.71658995964441548e-02
1.66391988613615055e-09   -4.55052102400254829e-02   3.68946868573114192e-02
1.67932655174852247e-09   -6.19938518313651460e-02   4.94320546745823167e-02
1.69473321736089419e-09   -8.32442287937021214e-02   6.53366936355749134e-02
1.71013988297326590e-09   -1.10165404323973121e-01   8.51940793501280713e-02
1.72554654858563762e-09   -1.43677671815374913e-01   1.09588878226687406e-01
1.74095321419800933e-09   -1.84652079158992094e-01   1.39068043683580583e-01
1.75635987981038126e-09   -2.33834486238316902e-01   1.74097329003608525e-01
1.77176654542275297e-09   -2.91757654535020283e-01   2.15011371737412582e-01
1.78717321103512469e-09   -3.58647225867571751e-01   2.61959810493741729e-01
1.80257987664749641e-09   -4.34329479898959481e-01   3.14855954569557228e-01
1.81798654225986833e-09   -5.18151685223812386e-01   3.73330531023486012e-01
1.83339320787224005e-09   -6.08926615946253413e-01   4.36695905511844173e-01
1.84879987348461176e-09   -7.04912224132618892e-01   5.03928386117538207e-01
1.86420653909698348e-09   -8.03836497942386208e-01   5.73670761745688096e-01
1.87961320470935520e-09   -9.02973252997760989e-01   6.44259309062464092e-01
1.89501987032172691e-09   -9.99269335548186532e-01   7.13777482255928075e-01
1.91042653593409904e-09   -1.08951797720772237e+00   7.80133725663594291e-01
1.92583320154647076e-09   -1.17056581221169664e+00   8.41161554966281311e-01
1.94123986715884248e-09   -1.23953580901139260e+00   8.94734064189249723e-01
1.95664653277121419e-09   -1.29404416136614508e+00   9.38885258196084149e-01
1.97205319838358591e-09   -1.33238750508366532e+00   9.71930605463019681e-01
1.98745986399595762e-09   -1.35367973097891614e+00   9.92572434295420081e-01
2.00286652960832934e-09   -1.35792147668730490e+00   9.99984150632642566e-01
2.01827319522070106e-09   -1.34599324400065168e+00   9.93866909102936513e-01
2.03367986083307277e-09   -1.31957338378311584e+00   9.74467941986426833e-01
2.04908652644544490e-09   -1.28098947225308768e+00   9.42563987829829308e-01
2.06449319205781662e-09   -1.23302040837191407e+00   8.99411288502868778e-01
2.07989985767018834e-09   -1.17867271691937847e+00   8.46661889526448941e-01
2.09530652328256005e-09   -1.12095453553310254e+00   7.86259124759163819e-01
2.11071318889493177e-09   -1.06267056650646441e+00   7.20320156003633194e-01
2.12611985450730349e-09   -1.00625700427750431e+00   6.51012871629079282e-01
2.14152652011967520e-09   -9.53667580649049773e-01   5.80440468478088167e-01
2.15693318573204692e-09   -9.06315642104626895e-01   5.10540184310178780e-01
2.17233985134441905e-09   -8.65069824419481437e-01   4.43002572362101887e-01
2.18774651695679077e-09   -8.30294913728900297e-01   3.79216127463092800e-01
2.20315318256916248e-09   -8.01926404506859480e-01   3.20236937926961895e-01
2.21855984818153420e-09   -7.79565081506230939e-01   2.66784153307872474e-01
2.23396651379390591e-09   -7.62578824814535650e-01   2.19256785898833545e-01
2.24937317940627763e-09   -7.50200683451790695e-01   1.77766551751056934e-01
2.26477984501864935e-09   -7.41614459742541365e-01   1.42184062722907650e-01
2.28018651063102106e-09   -7.36023079572061922e-01   1.12190586294221142e-01
2.29559317624339278e-09   -7.32697633639730284e-01   8.73304709439481353e-02
2.31099984185576491e-09   -7.31007178007597402e-01   6.70623732168099812e-02
2.32640650746813663e-09   -7.30432144807081629e-01   5.08038846524605306e-02
2.34181317308050834e-09   -7.30564800956740146e-01   3.79680844017458857e-02
2.35721983869288006e-09   -7.31100420277599250e-01   2.79926507550614968e-02
2.37262650430525178e-09   -7.31823230746933229e-01   2.03598490889749517e-02
2.38803316991762349e-09   -7.32590099571517550e-01   1.46086034590466301e-02
2.40343983552999521e-09   -7.33314051878328654e-01   1.03406119805376541e-02
2.41884650114236693e-09   -7.33949261099170247e-01   7.22086652786502192e-03
2.43425316675473906e-09   -7.34478193316000727e-01   4.97434433842182475e-03
2.44965983236711077e-09   -7.34901149366754325e-01   3.38053601418732055e-03
2.46506649797948249e-09   -7.35228341793529361e-01   2.26642425815229030e-03
2.48047316359185421e-09   -7.35474312697835808e-01   1.49899477746840196e-03
2.49587982920422592e-09   -7.35654382765678183e-01   9.78052124327271439e-04
2.51128649481659764e-09   -7.35782765619230172e-01   6.29550005285294976e-04
2.52669316042896935e-09   -7.35871822620379756e-01   3.99762014188207479e-04
2.54209982604134107e-09   -7.35931937897091992e-01   2.50423766414962362e-04
2.55750649165371279e-09   -7.35971614728484158e-01   1.54759167014413475e-04
2.57291315726608492e-09   -7.35997552794980914e-01   9.43495992134531491e-05
2.58831982287845663e-09   -7.36014675195094781e-01   5.67448162810761027e-05
2.60372648849082835e-09   -7.36026217375411296e-01   3.36681818786253639e-05
2.61913315410320007e-09   -7.36033997050730804e-01   1.97067825693554960e-05
2.63453981971557178e-09   -7.36038889456513190e-01   1.13792582597355041e-05
2.64994648532794350e-09   -7.36041394359409296e-01   6.48216490634525563e-06
2.66535315094031522e-09   -7.36042091193777392e-01   3.64274289975832123e-06
2.68075981655268693e-09   -7.36041807572001883e-01   2.01947658805497084e-06
2.69616648216505906e-09   -7.36041464742997809e-01   1.10447938833297686e-06
2.71157314777743078e-09   -7.36041735448538792e-01   5.95906943719869554e-07
2.72697981338980250e-09   -7.36042754282734579e-01   3.17176352200159272e-07
2.74238647900217421e-09   -7.36044089081088093e-01   1.66545263240680694e-07
2.75779314461454593e-09   -7.36045024521527647e-01   8.62711330375039171e-08
2.77319981022691764e-09   -7.36045014270805376e-01   4.40859177528818125e-08
2.78860647583928936e-09   -7.36044041921162018e-01   2.22251184704959286e-08
2.80401314145166108e-09   -7.36042669036842900e-01   1.10532422376326259e-08
2.81941980706403279e-09   -7.36041726308084843e-01   5.42295600162369270e-09
2.83482647267640492e-09   -7.36041819720857804e-01   2.62478063649837868e-09
2.85023313828877664e-09   -7.36042946752963445e-01   1.25328835435005621e-09
2.86563980390114836e-09   -7.36044466179001544e-01   5.90349750953016866e-10
2.88104646951352007e-09   -7.36045460300490229e-01   2.74333643761098227e-10
2.89645313512589179e-09   -7.36045287759900968e-01   1.25762004435776150e-10
2.91185980073826351e-09   -7.36043995449256472e-01   5.68747887527355767e-11
2.92726646635063522e-09   -7.36042326393573476e-01   2.53747784971640413e-11
2.94267313196300694e-09   -7.36041296196989214e-01   1.11682474377221840e-11
2.95807979757537866e-09   -7.36041577094581179e-01   4.84916897122451972e-12
2.97348646318775079e-09   -7.36043061864455228e-01   2.07712473442455808e-12
2.98889312880012250e-09   -7.36044888973841682e-01   8.77723516328895593e-13
3.00429979441249422e-09   -7.36045938834271163e-01   3.65891185485116616e-13
3.01970646002486593e-09   -7.36045517776419689e-01   1.50473500557431875e-13
3.03511312563723765e-09   -7.36043813255131463e-01   6.10474561318554305e-14
3.05051979124960937e-09   -7.36041823409281259e-01   2.44328250712842064e-14
3.06592645686198108e-09   -7.36040776232956717e-01   9.64705158657354258e-15
3.08133312247435280e-09   -7.36041373884950056e-01   3.75763453681360488e-15
3.09673978808672493e-09   -7.36043325776830959e-01   1.44388476090343569e-15
3.11214645369909665e-09   -7.36045478654736240e-01   5.47351492848509910e-16
3.12755311931146836e-09   -7.36046494337113777e-01   2.04690947560438929e-16
3.14295978492384008e-09   -7.36045679268121589e-01   7.55141761474223515e-17
3.15836645053621180e-09   -7.36043453087945720e-01   2.74836964024646990e-17
3.17377311614858351e-09   -7.36041142509286095e-01   9.86778922199389735e-18
3.18917978176095523e-09   -7.36040194261134983e-01   3.49511567043353043e-18
3.20458644737332695e-09   -7.36041271594774060e-01   1.22129648609482911e-18
3.21999311298569866e-09   -7.36043797075046857e-01   4.20996245135922047e-19
3.23539977859807079e-09   -7.36046253109390425e-01   1.43163308567475411e-19
3.25080644421044251e-09   -7.36047090334622234e-01   4.80290727399914703e-20
3.26621310982281423e-09   -7.36045702499703025e-01   1.58954823334520062e-20
3.28161977543518594e-09   -7.36042856041567495e-01   5.18966122609419577e-21
3.29702644104755766e-09   -7.36040275024415380e-01   1.67156945363754252e-21
3.31243310665992937e-09   -7.36039600381594772e-01   5.31136722427848133e-22
3.32783977227230109e-09   -7.36041349409650714e-01   1.66488177572693901e-22
3.34324643788467281e-09   -7.36044533554892633e-01   5.14851259853309389e-23
3.35865310349704494e-09   -7.36047209567217142e-01   1.57063791876778895e-23
3.37405976910941665e-09   -7.36047662028270544e-01   4.72677466336532747e-24
3.38946643472178837e-09   -7.36045499915051415e-01   1.40338316652173165e-24
3.40487310033416009e-09   -7.36041968154959481e-01   4.11038930741365819e-25
3.42027976594653180e-09   -7.36039237847242456e-01   1.18763642003438799e-25
3.43568643155890352e-09   -7.36039074966158724e-01   3.38538351796129580e-26
3.45109309717127524e-09   -7.36041701667494941e-01   9.51978119340191888e-27
3.46649976278364695e-09   -7.36045582238578744e-01   2.64082257673806181e-27
3.48190642839601867e-09   -7.36048314392155456e-01   7.22730890653032440e-28
3.49731309400839080e-09   -7.36048113100734480e-01   1.95122838921447611e-28
3.51271975962076252e-09   -7.36044972621176963e-01   5.19675269437934245e-29
3.52812642523313423e-09   -7.36040752806751075e-01   1.36547102550493992e-29
3.54353309084550595e-09   -7.36038083808462473e-01   3.53937334522635782e-30
3.55893975645787766e-09   -7.36038730044151990e-01   9.05027934591196793e-31
3.57434642207024938e-09   -7.36042428935127502e-01   2.28310292339211201e-31
3.58975308768262110e-09   -7.36046965615688498e-01   5.68174549186650896e-32
3.60515975329499281e-09   -7.36049493419021705e-01   1.39485488432749751e-32
3.62056641890736494e-09   -7.36048316751404919e-01   3.37835762184996280e-33
3.63597308451973666e-09   -7.36044021906492540e-01   8.07187274286076202e-34
3.65137975013210838e-09   -7.36039205524928852e-01   1.90253729738113367e-34
3.66678641574448009e-09   -7.36036910087228713e-01   4.42407907298910396e-35
3.68219308135685181e-09   -7.36038705453718523e-01   1.01485493296342426e-35
3.69759974696922353e-09   -7.36043623928903989e-01   2.29654225240391192e-36
3.71300641258159524e-09   -7.36048666239287996e-01   5.12716471893019089e-37
3.72841307819396696e-09   -7.36050625387895119e-01   1.12919971011731717e-37
3.74381974380633868e-09   -7.36048122695749374e-01   2.45331214885816082e-38
3.75922640941871039e-09   -7.36042565731401366e-01   5.25858367757942838e-39
3.77463307503108211e-09   -7.36037369430895372e-01   1.11192291175065807e-39
3.79003974064345382e-09   -7.36035862329206370e-01   2.31936066548139241e-40
3.80544640625582554e-09   -7.36039158440022989e-01   4.77306597578045748e-41
3.82085307186819808e-09   -7.36045352891754767e-01   9.68982047041677600e-42
3.83625973748056980e-09   -7.36050611883380168e-01   1.94053229339044247e-42
3.85166640309294152e-09   -7.36051540863279397e-01   3.83409805303440777e-43
3.86707306870531323e-09   -7.36047371113178084e-01   7.47298159142256765e-44
3.88247973431768495e-09   -7.36040559070961220e-01   1.43684714720192296e-44
3.89788639993005667e-09   -7.36035348767603015e-01   2.72562511678977127e-45
3.91329306554242838e-09   -7.36035132141136139e-01   5.10045857310528151e-46
3.92869973115480010e-09   -7.36040246146346333e-01   9.41536963179686702e-47
3.94410639676717182e-09   -7.36047634077211743e-01   1.71477111541938681e-47
3.95951306237954353e-09   -7.36052664092115005e-01   3.08078695611937562e-48
3.97491972799191525e-09   -7.36052028805558756e-01   5.46010868356524102e-49
3.99032639360428697e-09   -7.36045913585973488e-01   9.54736059148980685e-50
4.00573305921665868e-09   -7.36038015929962874e-01   1.64683936474423610e-50
4.02113972482903040e-09   -7.36033317485890737e-01   2.80222052158546735e-51
4.03654639044140211e-09   -7.36034946072015361e-01   4.70432829065029029e-52
4.05195305605377383e-09   -7.36042101535172577e-01   7.79072621433926543e-53
4.06735972166614555e-09   -7.36050416025176069e-01   1.27274218716717424e-53
4.08276638727851809e-09   -7.36054613239490063e-01   2.05139383680972160e-54
4.09817305289088981e-09   -7.36051852292075925e-01   3.26168319218315436e-55
4.11357971850326152e-09   -7.36043639861342691e-01   5.11582498988623839e-56
4.12898638411563324e-09   -7.36035029888710057e-01   7.91657992900515143e-57
4.14439304972800496e-09   -7.36031519795226963e-01   1.20848910437651836e-57
4.15979971534037667e-09   -7.36035545087055709e-01   1.81981829618667519e-58
4.17520638095274839e-09   -7.36044804568349642e-01   2.70372978223035861e-59
4.19061304656512011e-09   -7.36053559155806614e-01   3.96260545495954479e-60
4.20601971217749182e-09   -7.36056183039088596e-01   5.72898234383910723e-61
4.22142637778986354e-09   -7.36050773776237066e-01   8.17195748135434314e-62
4.23683304340223526e-09   -7.36040507939991095e-01   1.14988936471097741e-62
4.25223970901460697e-09   -7.36031789364111955e-01   1.59611452314623923e-63
4.26764637462697869e-09   -7.36030260030349659e-01   2.18587861446235837e-64
4.28305304023935041e-09   -7.36037154839786600e-01   2.95303375803212009e-65
4.29845970585172212e-09   -7.36048351790758448e-01   3.93538950875488586e-66
4.31386637146409384e-09   -7.36056824668783749e-01   5.17443711634835439e-67
4.32927303707646555e-09   -7.36057046721994235e-01   6.71147375893839951e-68
4.34467970268883810e-09   -7.36048588815647054e-01   8.58713926891954835e-69
4.36008636830120981e-09   -7.36036573746314482e-01   1.08402005038192165e-69
4.37549303391358153e-09   -7.36028583562832739e-01   1.34990905830670373e-70
4.39089969952595325e-09   -7.36029880182522911e-01   1.65823622459303519e-71
4.40630636513832496e-09   -7.36039948621773021e-01   2.00978058368522196e-72
4.42171303075069668e-09   -7.36052628587029134e-01   2.40285883363432479e-73
4.43711969636306840e-09   -7.36059874655974111e-01   2.83387962435657498e-74
4.45252636197544011e-09   -7.36056855838921886e-01   3.29759341161631300e-75
4.46793302758781183e-09   -7.36045165559135239e-01   3.78520262680862252e-76
4.48333969320018355e-09   -7.36032015689873975e-01   4.28601323531185503e-77
4.49874635881255526e-09   -7.36025795495871993e-01   4.78831482212487659e-78
4.51415302442492698e-09   -7.36030724949335857e-01   5.27700054343445366e-79
4.52955969003729870e-09   -7.36044006521215710e-01   5.73670774915772726e-80
4.54496635564967041e-09   -7.36057389092156678e-01   6.15326212286087442e-81
4.56037302126204213e-09   -7.36062286613083816e-01   6.51061891093364848e-82
4.57577968687441384e-09   -7.36055280927449651e-01   6.79530653444072137e-83
4.59118635248678556e-09   -7.36040485681937695e-01   6.99786024232663781e-84
4.60659301809915810e-09   -7.36027149000777592e-01   7.10877129279342843e-85
4.62199968371152982e-09   -7.36023879481121801e-01   7.12348456842144490e-86
4.63740634932390154e-09   -7.36033096037566947e-01   7.04307386060845402e-87
4.65281301493627325e-09   -7.36049275805605197e-01   6.86916485419232366e-88
4.66821968054864497e-09   -7.36062248835974819e-01   6.60865426266152512e-89
4.68362634616101669e-09   -7.36063584151288364e-01   6.27330424151224098e-90
4.69903301177338840e-09   -7.36052061293751669e-01   5.87422350404407859e-91
4.71443967738576012e-09   -7.36034681157772708e-01   5.42588625054519813e-92
4.72984634299813184e-09   -7.36022424985666168e-01   4.94501470380746084e-93
4.74525300861050355e-09   -7.36023322252660206e-01   4.44563829110501300e-94
4.76065967422287527e-09   -7.36037199493313254e-01   3.94244321348371868e-95
4.77606633983524699e-09   -7.36055538595590808e-01   3.44965730461750561e-96
4.79147300544761870e-09   -7.36066694549425748e-01   2.97752154451094748e-97
4.80687967105999042e-09   -7.36063283742661834e-01   2.53511296834528063e-98
4.82228633667236213e-09   -7.36047059139857129e-01   2.12971480164557700e-99
4.83769300228473385e-09   -7.36028060514370086e-01   1.76487044802783918e-100
4.85309966789710557e-09   -7.36018411403389194e-01   1.44266765872679329e-101
4.86850633350947811e-09   -7.36024588991969542e-01   1.16360096927310447e-102
4.88391299912184983e-09   -7.36043091755609225e-01   9.25780182574463613e-104
4.89931966473422154e-09   -7.36062393274040216e-01   7.26561504563047854e-105
4.91472633034659326e-09   -7.36070114108628770e-01   5.62631222064943792e-106
4.93013299595896498e-09   -7.36060954965350844e-01   4.29773921523759272e-107
4.94553966157133669e-09   -7.36040311519797874e-01   3.23828882029217426e-108
4.96094632718370841e-09   -7.36021118254906015e-01   2.40757992043830654e-109
4.97635299279608013e-09   -7.36015751996065615e-01   1.76566931149053600e-110
4.99175965840845184e-09   -7.36028058067229707e-01   1.27730874593481244e-111
5.00716632402082356e-09   -7.36050631625325247e-01   9.11747803593126343e-113
5.02257298963319528e-09   -7.36069255589452354e-01   6.41971589410002507e-114
5.03797965524556699e-09   -7.36071847401313262e-01   4.45875182363781015e-115
5.05338632085793871e-09   -7.36056289217775217e-01   3.05566590454683969e-116
5.06879298647031043e-09   -7.36032072439395724e-01   2.06566256470035977e-117
5.08419965208268214e-09   -7.36014522084600276e-01   1.37742456149519272e-118
5.09960631769505386e-09   -7.36015105712537587e-01   9.06304508036764071e-120
5.11501298330742557e-09   -7.36033950704496287e-01   5.88220396690407775e-121
5.13041964891979812e-09   -7.36059446113196514e-01   3.76581910519253342e-122
5.14582631453216983e-09   -7.36075383975683839e-01   2.37891837837168188e-123
5.16123298014454155e-09   -7.36071256148605690e-01   1.48237441528963739e-124
5.17663964575691327e-09   -7.36049169582300489e-01   9.11146465413184488e-126
5.19204631136928498e-09   -7.36022837100525629e-01   5.52614240358873117e-127
5.20745297698165670e-09   -7.36009074491671744e-01   3.30607629923682558e-128
5.22285964259402842e-09   -7.36017069090016740e-01   1.95098550982042091e-129
5.23826630820640013e-09   -7.36042263862860535e-01   1.13606121167098195e-130
5.25367297381877185e-09   -7.36068917936045675e-01   6.52536732647204274e-132
5.26907963943114357e-09   -7.36079931251669040e-01   3.69706428064540324e-133
5.28448630504351528e-09   -7.36067807693506326e-01   2.06689550782411089e-134
5.29989297065588700e-09   -7.36039732801073487e-01   1.13981452297768186e-135
5.31529963626825872e-09   -7.36013341030914314e-01   6.20007678807412785e-137
5.33070630188063043e-09   -7.36005647997127532e-01   3.32791664596794266e-138
5.34611296749300215e-09   -7.36022088280524955e-01   1.76197823257557976e-139
5.36151963310537386e-09   -7.36052715887477116e-01   9.20183080553765827e-141
5.37692629871774558e-09   -7.36078201123584130e-01   4.74202116481684851e-142
5.39233296433011812e-09   -7.36082021750873672e-01   2.41048271629815853e-143
5.40773962994248984e-09   -7.36061164848533900e-01   1.20861652438685657e-144
5.42314629555486156e-09   -7.36028413519209557e-01   5.97986893474317877e-146
5.43855296116723327e-09   -7.36004528717478457e-01   2.91839878089050217e-147
5.45395962677960499e-09   -7.36005096775731449e-01   1.40488223410116725e-148
5.46936629239197671e-09   -7.36030369919978833e-01   6.67355081945272203e-150
5.48477295800434842e-09   -7.36064714759492089e-01   3.12696038320949288e-151
5.50017962361672014e-09   -7.36086268765833385e-01   1.44520156138005977e-152
5.51558628922909186e-09   -7.36080849358009659e-01   6.59112287387826414e-154
5.53099295484146357e-09   -7.36051271498270876e-01   2.96508571973932093e-155
5.54639962045383529e-09   -7.36015961322333268e-01   1.31569138937790858e-156
5.56180628606620701e-09   -7.35997489314595188e-01   5.76101456595275357e-158
5.57721295167857872e-09   -7.36008151004906241e-01   2.48822275714609344e-159
5.59261961729095044e-09   -7.36041802015784175e-01   1.06002657083640641e-160
5.60802628290332215e-09   -7.36077357735178683e-01   4.45631280444726812e-162
5.62343294851569387e-09   -7.36091993510938347e-01   1.84789969082009830e-163
5.63883961412806559e-09   -7.36075788306185141e-01   7.55816866702086093e-165
5.65424627974043813e-09   -7.36038422190962494e-01   3.05062968419013996e-166
5.66965294535280985e-09   -7.36003422795896145e-01   1.21451996450838194e-167
5.68505961096518156e-09   -7.35993360812079334e-01   4.76928764013493224e-169
5.70046627657755328e-09   -7.36015303772834972e-01   1.84816373891673388e-170
5.71587294218992500e-09   -7.36055896885721150e-01   7.06428243054608012e-172
5.73127960780229671e-09   -7.36089468793898694e-01   2.66334582330077974e-173
5.74668627341466843e-09   -7.36094257308398281e-01   0.00000000000000000e+00
5.76209293902704015e-09   -7.36066505386677727e-01   0.00000000000000000e+00
5.77749960463941186e-09   -7.36023303776541349e-01   0.00000000000000000e+00
5.79290627025178358e-09   -7.35992083855949941e-01   0.00000000000000000e+00
5.80831293586415530e-09   -7.35993208356087170e-01   0.00000000000000000e+00
5.82371960147652701e-09   -7.36026703180981179e-01   0.00000000000000000e+00
5.83912626708889873e-09   -7.36071767618744821e-01   0.00000000000000000e+00
5.85453293270127045e-09   -7.36099676688287352e-01   0.00000000000000000e+00
5.86993959831364216e-09   -7.36092082512577961e-01   0.00000000000000000e+00
5.88534626392601388e-09   -7.36053059936470522e-01   0.00000000000000000e+00
5.90075292953838559e-09   -7.36006998488699549e-01   0.00000000000000000e+00
5.91615959515075731e-09   -7.35983371762516603e-01   0.00000000000000000e+00
5.93156626076312985e-09   -7.35997886734597095e-01   0.00000000000000000e+00
5.94697292637550157e-09   -7.36042063934304047e-01   0.00000000000000000e+00
5.96237959198787329e-09   -7.36088147392829129e-01   0.00000000000000000e+00
5.97778625760024500e-09   -7.36106531783730866e-01   0.00000000000000000e+00
5.99319292321261672e-09   -7.36084772345060534e-01   0.00000000000000000e+00
6.00859958882498844e-09   -7.36035977039005584e-01   0.00000000000000000e+00
6.02400625443736015e-09   -7.35990940792319304e-01   0.00000000000000000e+00
6.03941292004973187e-09   -7.35978721167569572e-01   0.00000000000000000e+00
6.05481958566210359e-09   -7.36007900810107918e-01   0.00000000000000000e+00
6.07022625127447530e-09   -7.36060612830702010e-01   0.00000000000000000e+00
6.08563291688684702e-09   -7.36103457305344211e-01   0.00000000000000000e+00
6.10103958249921874e-09   -7.36108654727201550e-01   0.00000000000000000e+00
6.11644624811159045e-09   -7.36072045431260480e-01   0.00000000000000000e+00
6.13185291372396217e-09   -7.36016280130859291e-01   0.00000000000000000e+00
6.14725957933633388e-09   -7.35976824695679599e-01   0.00000000000000000e+00
6.16266624494870560e-09   -7.35979413759095258e-01   0.00000000000000000e+00
6.17807291056107732e-09   -7.36023280339938579e-01   0.00000000000000000e+00
6.19347957617344986e-09   -7.36081080886882178e-01   0.00000000000000000e+00
6.20888624178582158e-09   -7.36115923377975601e-01   0.00000000000000000e+00
6.22429290739819329e-09   -7.36104904869146259e-01   0.00000000000000000e+00
6.23969957301056501e-09   -7.36054147221807065e-01   0.00000000000000000e+00
6.25510623862293673e-09   -7.35995471813901792e-01   0.00000000000000000e+00
6.27051290423530844e-09   -7.35966463727132592e-01   0.00000000000000000e+00
6.28591956984768016e-09   -7.35986405922320563e-01   0.00000000000000000e+00
6.30132623546005188e-09   -7.36043486663853441e-01   0.00000000000000000e+00
6.31673290107242359e-09   -7.36101751311069696e-01   0.00000000000000000e+00
6.33213956668479531e-09   -7.36123737522752397e-01   0.00000000000000000e+00
6.34754623229716703e-09   -7.36094551925840057e-01   0.00000000000000000e+00
6.36295289790953874e-09   -7.36031921028978964e-01   0.00000000000000000e+00
6.37835956352191046e-09   -7.35975456077836321e-01   0.00000000000000000e+00
6.39376622913428217e-09   -7.35961611875438959e-01   0.00000000000000000e+00
6.40917289474665389e-09   -7.36000162688292492e-01   0.00000000000000000e+00
6.42457956035902561e-09   -7.36067367789829508e-01   0.00000000000000000e+00
6.43998622597139732e-09   -7.36120567319976771e-01   0.00000000000000000e+00
6.45539289158376987e-09   -7.36125251100045008e-01   0.00000000000000000e+00
6.47079955719614158e-09   -7.36077431264689275e-01   0.00000000000000000e+00
6.48620622280851330e-09   -7.36006823430078949e-01   0.00000000000000000e+00
6.50161288842088502e-09   -7.35958401058534273e-01   0.00000000000000000e+00
6.51701955403325673e-09   -7.35963759823865638e-01   0.00000000000000000e+00
6.53242621964562845e-09   -7.36020518455366202e-01   0.00000000000000000e+00
6.54783288525800017e-09   -7.36093175300021385e-01   0.00000000000000000e+00
6.56323955087037188e-09   -7.36135297297235258e-01   0.00000000000000000e+00
6.57864621648274360e-09   -7.36119183982092085e-01   0.00000000000000000e+00
6.59405288209511532e-09   -7.36054061996703424e-01   0.00000000000000000e+00
6.60945954770748703e-09   -7.35980872967839872e-01   0.00000000000000000e+00
6.62486621331985875e-09   -7.35946548383861310e-01   0.00000000000000000e+00
6.64027287893223047e-09   -7.35973926020395908e-01   0.00000000000000000e+00
6.65567954454460218e-09   -7.36046585045446178e-01   0.00000000000000000e+00
6.67108621015697390e-09   -7.36118651302653748e-01   0.00000000000000000e+00
6.68649287576934561e-09   -7.36143747614634969e-01   0.00000000000000000e+00
6.70189954138171733e-09   -7.36104827517139459e-01   0.00000000000000000e+00
6.71730620699408987e-09   -7.36025708184433802e-01   0.00000000000000000e+00
6.73271287260646159e-09   -7.35956527207768052e-01   0.00000000000000000e+00
6.74811953821883331e-09   -7.35941982389300975e-01   0.00000000000000000e+00
6.76352620383120502e-09   -7.35992465771430515e-01   0.00000000000000000e+00
6.77893286944357674e-09   -7.36076725284895206e-01   0.00000000000000000e+00
6.79433953505594846e-09   -7.36141186709828199e-01   0.00000000000000000e+00
6.80974620066832017e-09   -7.36144006360636594e-01   0.00000000000000000e+00
6.82515286628069189e-09   -7.36082217182669307e-01   0.00000000000000000e+00
6.84055953189306361e-09   -7.35994367106775238e-01   0.00000000000000000e+00
6.85596619750543532e-09   -7.35936490824766865e-01   0.00000000000000000e+00
6.87137286311780704e-09   -7.35946379191630973e-01   0.00000000000000000e+00
6.88677952873017876e-09   -7.36018922969531086e-01   0.00000000000000000e+00
6.90218619434255047e-09   -7.36108605428455243e-01   0.00000000000000000e+00
6.91759285995492219e-09   -7.36158044020161606e-01   0.00000000000000000e+00
6.93299952556729390e-09   -7.36134695105410852e-01   0.00000000000000000e+00
6.94840619117966562e-09   -7.36052250595515378e-01   0.00000000000000000e+00
6.96381285679203734e-09   -7.35962674571455144e-01   0.00000000000000000e+00
6.97921952240440988e-09   -7.35923465777580610e-01   0.00000000000000000e+00
6.99462618801678160e-09   -7.35960760917444445e-01   0.00000000000000000e+00
7.01003285362915331e-09   -7.36051947796125816e-01   0.00000000000000000e+00
7.02543951924152503e-09   -7.36139332616506104e-01   0.00000000000000000e+00
7.04084618485389675e-09   -7.36166629338355416e-01   0.00000000000000000e+00
7.05625285046626846e-09   -7.36115201535217145e-01   0.00000000000000000e+00
7.07165951607864018e-09   -7.36016729259140190e-01   0.00000000000000000e+00
7.08706618169101190e-09   -7.35933725336037847e-01   0.00000000000000000e+00
7.10247284730338361e-09   -7.35919862897607358e-01   0.00000000000000000e+00
7.11787951291575533e-09   -7.35985283479599905e-01   0.00000000000000000e+00
7.13328617852812705e-09   -7.36089299570896083e-01   0.00000000000000000e+00
7.14869284414049876e-09   -7.36165674715709484e-01   0.00000000000000000e+00
7.16409950975287048e-09   -7.36164790522810586e-01   0.00000000000000000e+00
7.17950617536524219e-09   -7.36085864057396067e-01   0.00000000000000000e+00
7.19491284097761391e-09   -7.35978308027047778e-01   0.00000000000000000e+00
7.21031950658998563e-09   -7.35910816104676346e-01   0.00000000000000000e+00
7.22572617220235734e-09   -7.35927501381564597e-01   0.00000000000000000e+00
7.24113283781472989e-09   -7.36019086526124355e-01   0.00000000000000000e+00
7.25653950342710160e-09   -7.36127946961479873e-01   0.00000000000000000e+00
7.27194616903947332e-09   -7.36184350153546996e-01   0.00000000000000000e+00
7.28735283465184504e-09   -7.36151112114236450e-01   0.00000000000000000e+00
7.30275950026421675e-09   -7.36048080845940533e-01   0.00000000000000000e+00
7.31816616587658847e-09   -7.35940344465018326e-01   0.00000000000000000e+00
7.33357283148896019e-09   -7.35897128383977361e-01   0.00000000000000000e+00
7.34897949710133190e-09   -7.35947327756410918e-01   0.00000000000000000e+00
7.36438616271370362e-09   -7.36060231157520173e-01   0.00000000000000000e+00
7.37979282832607534e-09   -7.36164268473900707e-01   0.00000000000000000e+00
7.39519949393844705e-09   -7.36192365737930121e-01   0.00000000000000000e+00
7.41060615955081877e-09   -7.36125173993183668e-01   0.00000000000000000e+00
7.42601282516319049e-09   -7.36004320501904785e-01   0.00000000000000000e+00
7.44141949077556220e-09   -7.35906650481667701e-01   0.00000000000000000e+00
7.45682615638793392e-09   -7.35895377620586433e-01   0.00000000000000000e+00
7.47223282200030646e-09   -7.35979188028282771e-01   0.00000000000000000e+00
7.48763948761267735e-09   -7.36105744659466321e-01   0.00000000000000000e+00
7.50304615322504989e-09   -7.36194345296394603e-01   0.00000000000000000e+00
7.51845281883742078e-09   -7.36187372079849855e-01   0.00000000000000000e+00
7.53385948444979333e-09   -7.36087740286928471e-01   0.00000000000000000e+00
7.54926615006216422e-09   -7.35958019416939391e-01   0.00000000000000000e+00
7.56467281567453676e-09   -7.35881159840605426e-01   0.00000000000000000e+00
7.58007948128690765e-09   -7.35907462369654430e-01   0.00000000000000000e+00
7.59548614689928019e-09   -7.36021685324369956e-01   0.00000000000000000e+00
7.61089281251165108e-09   -7.36151782146963640e-01   0.00000000000000000e+00
7.62629947812402363e-09   -7.36214327220360842e-01   0.00000000000000000e+00
7.64170614373639617e-09   -7.36168000223995089e-01   0.00000000000000000e+00
7.65711280934876706e-09   -7.36040848348606280e-01   0.00000000000000000e+00
7.67251947496113960e-09   -7.35913361540255662e-01   0.00000000000000000e+00
7.68792614057351049e-09   -7.35867536311548220e-01   0.00000000000000000e+00
7.70333280618588304e-09   -7.35934151698051542e-01   0.00000000000000000e+00
7.71873947179825392e-09   -7.36072150114892687e-01   0.00000000000000000e+00
7.73414613741062647e-09   -7.36193903364255609e-01   0.00000000000000000e+00
7.74955280302299736e-09   -7.36220841744838927e-01   0.00000000000000000e+00
7.76495946863536990e-09   -7.36134140410752980e-01   0.00000000000000000e+00
7.78036613424774079e-09   -7.35987774739492284e-01   0.00000000000000000e+00
7.79577279986011333e-09   -7.35874948677963103e-01   0.00000000000000000e+00
7.81117946547248422e-09   -7.35868756983277472e-01   0.00000000000000000e+00
7.82658613108485677e-09   -7.35974849757438876e-01   0.00000000000000000e+00
7.84199279669722766e-09   -7.36126741195714085e-01   0.00000000000000000e+00
7.85739946230960020e-09   -7.36227449978045678e-01   0.00000000000000000e+00
7.87280612792197109e-09   -7.36211407875907553e-01   0.00000000000000000e+00
7.88821279353434363e-09   -7.36087125244076379e-01   0.00000000000000000e+00
7.90361945914671618e-09   -7.35932865707769612e-01   0.00000000000000000e+00
7.91902612475908707e-09   -7.35847382510106618e-01   0.00000000000000000e+00
7.93443279037145961e-09   -7.35886712382314290e-01   0.00000000000000000e+00
7.94983945598383050e-09   -7.36027472947750616e-01   0.00000000000000000e+00
7.96524612159620304e-09   -7.36180683590668461e-01   0.00000000000000000e+00
7.98065278720857393e-09   -7.36247995846423642e-01   0.00000000000000000e+00
7.99605945282094647e-09   -7.36184810764744180e-01   0.00000000000000000e+00
8.01146611843331736e-09   -7.36029785243494050e-01   0.00000000000000000e+00
8.02687278404568991e-09   -7.35881232889961323e-01   0.00000000000000000e+00
8.04227944965806080e-09   -7.35834791800769272e-01   0.00000000000000000e+00
8.05768611527043334e-09   -7.35921868409970092e-01   0.00000000000000000e+00
8.07309278088280423e-09   -7.36088467232030252e-01   0.00000000000000000e+00
8.08849944649517677e-09   -7.36228635382549346e-01   0.00000000000000000e+00
8.10390611210754766e-09   -7.36251831388089917e-01   0.00000000000000000e+00
8.11931277771992021e-09   -7.36141392161227315e-01   0.00000000000000000e+00
8.13471944333229110e-09   -7.35966354679254420e-01   0.00000000000000000e+00
8.15012610894466364e-09   -7.35838329693711546e-01   0.00000000000000000e+00
8.16553277455703618e-09   -7.35840348341106454e-01   0.00000000000000000e+00
8.18093944016940707e-09   -7.35973033921847208e-01   0.00000000000000000e+00
8.19634610578177962e-09   -7.36152981338016654e-01   0.00000000000000000e+00
8.21175277139415051e-09   -7.36265160535657048e-01   0.00000000000000000e+00
8.22715943700652305e-09   -7.36236434750420887e-01   0.00000000000000000e+00
8.24256610261889394e-09   -7.36083215301266525e-01   0.00000000000000000e+00
8.25797276823126648e-09   -7.35902219102963384e-01   0.00000000000000000e+00
8.27337943384363737e-09   -7.35809438585651954e-01   0.00000000000000000e+00
8.28878609945600991e-09   -7.35865821634369199e-01   0.00000000000000000e+00
8.30419276506838080e-09   -7.36037271645088365e-01   0.00000000000000000e+00
8.31959943068075335e-09   -7.36215196655622517e-01   0.00000000000000000e+00
8.33500609629312424e-09   -7.36285270598741604e-01   0.00000000000000000e+00
8.35041276190549678e-09   -7.36200878243321144e-01   0.00000000000000000e+00
8.36581942751786767e-09   -7.36014071430367123e-01   0.00000000000000000e+00
8.38122609313024021e-09   -7.35843511997836042e-01   0.00000000000000000e+00
8.39663275874261110e-09   -7.35799112676948530e-01   0.00000000000000000e+00
8.41203942435498365e-09   -7.35911224092251404e-01   0.00000000000000000e+00
8.42744608996735619e-09   -7.36109979189006447e-01   0.00000000000000000e+00
8.44285275557972708e-09   -7.36268797915433981e-01   0.00000000000000000e+00
8.45825942119209962e-09   -7.36284986421566701e-01   0.00000000000000000e+00
8.47366608680447051e-09   -7.36146119395989285e-01   0.00000000000000000e+00
8.48907275241684306e-09   -7.35939308292178018e-01   0.00000000000000000e+00
8.50447941802921394e-09   -7.35796584997079339e-01   0.00000000000000000e+00
8.51988608364158649e-09   -7.35810624950378633e-01   0.00000000000000000e+00
8.53529274925395738e-09   -7.35974594854582054e-01   0.00000000000000000e+00
8.55069941486632992e-09   -7.36185151828798956e-01   0.00000000000000000e+00
8.56610608047870081e-09   -7.36307551849826769e-01   0.00000000000000000e+00
8.58151274609107335e-09   -7.36261863233379721e-01   0.00000000000000000e+00
8.59691941170344424e-09   -7.36075132465112247e-01   0.00000000000000000e+00
8.61232607731581679e-09   -7.35865477634236820e-01   0.00000000000000000e+00
8.62773274292818768e-09   -7.35767392402064568e-01   0.00000000000000000e+00
8.64313940854056022e-09   -7.35845483770232178e-01   0.00000000000000000e+00
8.65854607415293111e-09   -7.36051961085742557e-01   0.00000000000000000e+00
8.67395273976530365e-09   -7.36255820732516719e-01   0.00000000000000000e+00
8.68935940537767620e-09   -7.36325945821604821e-01   0.00000000000000000e+00
8.70476607099004709e-09   -7.36215419891856904e-01   0.00000000000000000e+00
8.72017273660241963e-09   -7.35992848166150071e-01   0.00000000000000000e+00
8.73557940221479052e-09   -7.35799817665013456e-01   0.00000000000000000e+00
8.75098606782716306e-09   -7.35760844421731841e-01   0.00000000000000000e+00
8.76639273343953395e-09   -7.35903072888929310e-01   0.00000000000000000e+00
8.78179939905190649e-09   -7.36137501153863560e-01   0.00000000000000000e+00
8.79720606466427738e-09   -7.36314641005153314e-01   0.00000000000000000e+00
8.81261273027664993e-09   -7.36319826684338596e-01   0.00000000000000000e+00
8.82801939588902082e-09   -7.36147416645350661e-01   0.00000000000000000e+00
8.84342606150139336e-09   -7.35905886094106565e-01   0.00000000000000000e+00
8.85883272711376425e-09   -7.35749605615498292e-01   0.00000000000000000e+00
8.87423939272613679e-09   -7.35780192895406637e-01   0.00000000000000000e+00
8.88964605833850768e-09   -7.35980467459624754e-01   0.00000000000000000e+00
8.90505272395088023e-09   -7.36223915485656577e-01   0.00000000000000000e+00
8.92045938956325112e-09   -7.36354585294652475e-01   0.00000000000000000e+00
8.93586605517562366e-09   -7.36286973544884371e-01   0.00000000000000000e+00
8.95127272078799620e-09   -7.36061935608227080e-01   0.00000000000000000e+00
8.96667938640036709e-09   -7.35822084435975965e-01   0.00000000000000000e+00
8.98208605201273964e-09   -7.35721433075690379e-01   0.00000000000000000e+00
8.99749271762511053e-09   -7.35826516796447616e-01   0.00000000000000000e+00
9.01289938323748307e-09   -7.36072464657970493e-01   0.00000000000000000e+00
9.02830604884985396e-09   -7.36302989687264930e-01   0.00000000000000000e+00
9.04371271446222650e-09   -7.36369682817181626e-01   0.00000000000000000e+00
9.05911938007459739e-09   -7.36227537866956161e-01   0.00000000000000000e+00
9.07452604568696993e-09   -7.35965233915090167e-01   0.00000000000000000e+00
9.08993271129934082e-09   -7.35749853340038951e-01   0.00000000000000000e+00
9.10533937691171337e-09   -7.35720470535023874e-01   0.00000000000000000e+00
9.12074604252408426e-09   -7.35898371573091015e-01   0.00000000000000000e+00
9.13615270813645680e-09   -7.36171849164451331e-01   0.00000000000000000e+00
9.15155937374882769e-09   -7.36366312742948059e-01   0.00000000000000000e+00
9.16696603936120023e-09   -7.36355732495156179e-01   0.00000000000000000e+00
9.18237270497357112e-09   -7.36144291152877828e-01   0.00000000000000000e+00
9.19777937058594367e-09   -7.35865360101272348e-01   0.00000000000000000e+00
9.21318603619831621e-09   -7.35697399530401031e-01   0.00000000000000000e+00
9.22859270181068710e-09   -7.35749795705893050e-01   0.00000000000000000e+00
9.24399936742305964e-09   -7.35991656033266439e-01   0.00000000000000000e+00
9.25940603303543053e-09   -7.36269891378833585e-01   0.00000000000000000e+00
9.27481269864780308e-09   -7.36406093018238006e-01   0.00000000000000000e+00
9.29021936426017396e-09   -7.36310914123675775e-01   0.00000000000000000e+00
9.30562602987254651e-09   -7.36042634241726890e-01   0.00000000000000000e+00
9.32103269548491740e-09   -7.35771547936326153e-01   0.00000000000000000e+00
9.33643936109728994e-09   -7.35671888122547690e-01   0.00000000000000000e+00
9.35184602670966083e-09   -7.35809861328237447e-01   0.00000000000000000e+00
9.36725269232203337e-09   -7.36099733422568958e-01   0.00000000000000000e+00
9.38265935793440426e-09   -7.36357051815470620e-01   0.00000000000000000e+00
9.39806602354677681e-09   -7.36415998706216102e-01   0.00000000000000000e+00
9.41347268915914770e-09   -7.36236224225296776e-01   0.00000000000000000e+00
9.42887935477152024e-09   -7.35930342286549077e-01   0.00000000000000000e+00
9.44428602038389113e-09   -7.35693426502061487e-01   0.00000000000000000e+00
9.45969268599626367e-09   -7.35678620876887512e-01   0.00000000000000000e+00
9.47509935160863622e-09   -7.35898171434675175e-01   0.00000000000000000e+00
9.49050601722100711e-09   -7.36213820734951341e-01   0.00000000000000000e+00
9.50591268283337965e-09   -7.36423841054440476e-01   0.00000000000000000e+00
9.52131934844575054e-09   -7.36391939358690850e-01   0.00000000000000000e+00
9.53672601405812308e-09   -7.36135673957108105e-01   0.00000000000000000e+00
9.55213267967049397e-09   -7.35817044200959391e-01   0.00000000000000000e+00
9.56753934528286651e-09   -7.35640108240735446e-01   0.00000000000000000e+00
9.58294601089523740e-09   -7.35720316426880627e-01   0.00000000000000000e+00
9.59835267650760995e-09   -7.36009220458155977e-01   0.00000000000000000e+00
9.61375934211998084e-09   -7.36323633992836735e-01   0.00000000000000000e+00
9.62916600773235338e-09   -7.36461763476498166e-01   0.00000000000000000e+00
9.64457267334472427e-09   -7.36332702876293932e-01   0.00000000000000000e+00
9.65997933895709681e-09   -7.36016204727364953e-01   0.00000000000000000e+00
9.67538600456946770e-09   -7.35713462635617987e-01   0.00000000000000000e+00
9.69079267018184025e-09   -7.35619235429291751e-01   0.00000000000000000e+00
9.70619933579421114e-09   -7.35796576009850378e-01   0.00000000000000000e+00
9.72160600140658368e-09   -7.36134727878182127e-01   0.00000000000000000e+00
9.73701266701895622e-09   -7.36418249656626722e-01   0.00000000000000000e+00
9.75241933263132711e-09   -7.36464257291313373e-01   0.00000000000000000e+00
9.76782599824369966e-09   -7.36240368760191277e-01   0.00000000000000000e+00
9.78323266385607055e-09   -7.35887301852260034e-01   0.00000000000000000e+00
9.79863932946844309e-09   -7.35630467729966653e-01   0.00000000000000000e+00
9.81404599508081398e-09   -7.35636077699238777e-01   0.00000000000000000e+00
9.82945266069318652e-09   -7.35903607344672861e-01   0.00000000000000000e+00
9.84485932630555741e-09   -7.36264173941874933e-01   0.00000000000000000e+00
9.86026599191792995e-09   -7.36487116249189055e-01   0.00000000000000000e+00
9.87567265753030084e-09   -7.36427535233764363e-01   0.00000000000000000e+00
9.89107932314267339e-09   -7.36120433687919795e-01   0.00000000000000000e+00
9.90648598875504428e-09   -7.35760315642432938e-01   0.00000000000000000e+00
9.92189265436741682e-09   -7.35578022127732378e-01   0.00000000000000000e+00
9.93729931997978771e-09   -7.35692776937398540e-01   0.00000000000000000e+00
9.95270598559216025e-09   -7.36034259860946283e-01   0.00000000000000000e+00
9.96811265120453114e-09   -7.36385611699605813e-01   0.00000000000000000e+00
9.98351931681690369e-09   -7.36521128573715100e-01   0.00000000000000000e+00
9.99892598242927623e-09   -7.36351231299132047e-01   0.00000000000000000e+00
1.00143326480416471e-08   -7.35981608782380725e-01   0.00000000000000000e+00
1.00297393136540197e-08   -7.35647530120246640e-01   0.00000000000000000e+00
1.00451459792663906e-08   -7.35564113246092943e-01   0.00000000000000000e+00
1.00605526448787631e-08   -7.35787830011439103e-01   0.00000000000000000e+00
1.00759593104911340e-08   -7.36178397737346057e-01   0.00000000000000000e+00
1.00913659761035065e-08   -7.36486700035891118e-01   0.00000000000000000e+00
1.01067726417158774e-08   -7.36513662223339138e-01   0.00000000000000000e+00
1.01221793073282500e-08   -7.36238769739151033e-01   0.00000000000000000e+00
1.01375859729406209e-08   -7.35835277596491033e-01   0.00000000000000000e+00
1.01529926385529934e-08   -7.35561049082172902e-01   0.00000000000000000e+00
1.01683993041653643e-08   -7.35593779104172452e-01   0.00000000000000000e+00
1.01838059697777368e-08   -7.35915884013989552e-01   0.00000000000000000e+00
1.01992126353901077e-08   -7.36323605278085824e-01   0.00000000000000000e+00
1.02146193010024803e-08   -7.36555874708469061e-01   0.00000000000000000e+00
1.02300259666148511e-08   -7.36461460582949479e-01   0.00000000000000000e+00
1.02454326322272237e-08   -7.36097393000825662e-01   0.00000000000000000e+00
1.02608392978395962e-08   -7.35694637323834444e-01   0.00000000000000000e+00
1.02762459634519671e-08   -7.35511594256863632e-01   0.00000000000000000e+00
1.02916526290643397e-08   -7.35668334347960751e-01   0.00000000000000000e+00
1.03070592946767106e-08   -7.36067893867736522e-01   0.00000000000000000e+00
1.03224659602890831e-08   -7.36456184896100097e-01   0.00000000000000000e+00
1.03378726259014540e-08   -7.36583552755095683e-01   0.00000000000000000e+00
1.03532792915138265e-08   -7.36365271588890202e-01   0.00000000000000000e+00
1.03686859571261974e-08   -7.35937814087842090e-01   0.00000000000000000e+00
1.03840926227385700e-08   -7.35573579938988198e-01   0.00000000000000000e+00
1.03994992883509409e-08   -7.35507327884228457e-01   0.00000000000000000e+00
1.04149059539633134e-08   -7.35784892545423563e-01   0.00000000000000000e+00
1.04303126195756843e-08   -7.36231659953775375e-01   0.00000000000000000e+00
1.04457192851880568e-08   -7.36562374717368518e-01   0.00000000000000000e+00
1.04611259508004277e-08   -7.36563252751374353e-01   0.00000000000000000e+00
1.04765326164128003e-08   -7.36230147538592727e-01   0.00000000000000000e+00
1.04919392820251712e-08   -7.35773493712882809e-01   0.00000000000000000e+00
1.05073459476375437e-08   -7.35485401402378725e-01   0.00000000000000000e+00
1.05227526132499162e-08   -7.35552819693393367e-01   0.00000000000000000e+00
1.05381592788622871e-08   -7.35936259512550262e-01   0.00000000000000000e+00
1.05535659444746597e-08   -7.36392726599708447e-01   0.00000000000000000e+00
1.05689726100870306e-08   -7.36629684086474557e-01   0.00000000000000000e+00
1.05843792756994031e-08   -7.36492511387478621e-01   0.00000000000000000e+00
1.05997859413117740e-08   -7.36065347523289226e-01   0.00000000000000000e+00
1.06151926069241465e-08   -7.35619580520142313e-01   0.00000000000000000e+00
1.06305992725365174e-08   -7.35441452261472284e-01   0.00000000000000000e+00
1.06460059381488900e-08   -7.35648274349655740e-01   0.00000000000000000e+00
1.06614126037612609e-08   -7.36111241640335923e-01   0.00000000000000000e+00
1.06768192693736334e-08   -7.36535584181966296e-01   0.00000000000000000e+00
1.06922259349860043e-08   -7.36648224377924099e-01   0.00000000000000000e+00
1.07076326005983768e-08   -7.36373486808780342e-01   0.00000000000000000e+00
1.07230392662107477e-08   -7.35883816765086740e-01   0.00000000000000000e+00
1.07384459318231203e-08   -7.35491589954816005e-01   0.00000000000000000e+00
1.07538525974354912e-08   -7.35449858828657765e-01   0.00000000000000000e+00
1.07692592630478637e-08   -7.35789119396232927e-01   0.00000000000000000e+00
1.07846659286602362e-08   -7.36295375282634224e-01   0.00000000000000000e+00
1.08000725942726071e-08   -7.36645082057653111e-01   0.00000000000000000e+00
1.08154792598849797e-08   -7.36611902302215182e-01   0.00000000000000000e+00
1.08308859254973506e-08   -7.36213161120600201e-01   0.00000000000000000e+00
1.08462925911097231e-08   -7.35701257426733646e-01   0.00000000000000000e+00
1.08616992567220940e-08   -7.35403930169829967e-01   0.00000000000000000e+00
1.08771059223344665e-08   -7.35514448212050587e-01   0.00000000000000000e+00
1.08925125879468374e-08   -7.35966026163408449e-01   0.00000000000000000e+00
1.09079192535592100e-08   -7.36472041519026011e-01   0.00000000000000000e+00
1.09233259191715809e-08   -7.36707930390085752e-01   0.00000000000000000e+00
1.09387325847839534e-08   -7.36519345270140069e-01   0.00000000000000000e+00
1.09541392503963243e-08   -7.36023087141069787e-01   0.00000000000000000e+00
1.09695459160086968e-08   -7.35534847675230918e-01   0.00000000000000000e+00
1.09849525816210677e-08   -7.35368407967729953e-01   0.00000000000000000e+00
1.10003592472334403e-08   -7.35634001429828155e-01   0.00000000000000000e+00
1.10157659128458112e-08   -7.36165398918930847e-01   0.00000000000000000e+00
1.10311725784581837e-08   -7.36623888969282992e-01   0.00000000000000000e+00
1.10465792440705563e-08   -7.36714149668322271e-01   0.00000000000000000e+00
1.10619859096829271e-08   -7.36374444135058814e-01   0.00000000000000000e+00
1.10773925752952997e-08   -7.35818665445978404e-01   0.00000000000000000e+00
1.10927992409076706e-08   -7.35401705774665460e-01   0.00000000000000000e+00
1.11082059065200431e-08   -7.35392860999949050e-01   0.00000000000000000e+00
1.11236125721324140e-08   -7.35801936500669385e-01   0.00000000000000000e+00
1.11390192377447866e-08   -7.36370323690478945e-01   0.00000000000000000e+00
1.11544259033571574e-08   -7.36734450052707102e-01   0.00000000000000000e+00
1.11698325689695300e-08   -7.36658320106363007e-01   0.00000000000000000e+00
1.11852392345819009e-08   -7.36186427252842002e-01   0.00000000000000000e+00
1.12006459001942734e-08   -7.35617983491146710e-01   0.00000000000000000e+00
1.12160525658066443e-08   -7.35317229515592419e-01   0.00000000000000000e+00
1.12314592314190169e-08   -7.35480062024899683e-01   0.00000000000000000e+00
1.12468658970313877e-08   -7.36006488970674333e-01   0.00000000000000000e+00
1.12622725626437603e-08   -7.36561921621306959e-01   0.00000000000000000e+00
1.12776792282561312e-08   -7.36789807291404530e-01   0.00000000000000000e+00
1.12930858938685037e-08   -7.36540490828753058e-01   0.00000000000000000e+00
1.13084925594808763e-08   -7.35969419409385983e-01   0.00000000000000000e+00
1.13238992250932472e-08   -7.35440294863190624e-01   0.00000000000000000e+00
1.13393058907056197e-08   -7.35293464440329281e-01   0.00000000000000000e+00
1.13547125563179906e-08   -7.35627025914297406e-01   0.00000000000000000e+00
1.13701192219303631e-08   -7.36231413337677387e-01   0.00000000000000000e+00
1.13855258875427340e-08   -7.36721006926340904e-01   0.00000000000000000e+00
1.14009325531551066e-08   -7.36780149542537788e-01   0.00000000000000000e+00
1.14163392187674775e-08   -7.36366631160153218e-01   0.00000000000000000e+00
1.14317458843798500e-08   -7.35741486625479224e-01   0.00000000000000000e+00
1.14471525499922209e-08   -7.35304258857923054e-01   0.00000000000000000e+00
1.14625592156045934e-08   -7.35337663935416552e-01   0.00000000000000000e+00
1.14779658812169643e-08   -7.35824820666218016e-01   0.00000000000000000e+00
1.14933725468293369e-08   -7.36457178964114112e-01   0.00000000000000000e+00
1.15087792124417077e-08   -7.36829911164997520e-01   0.00000000000000000e+00
1.15241858780540803e-08   -7.36701056046150327e-01   0.00000000000000000e+00
1.15395925436664512e-08   -7.36148542322506816e-01   0.00000000000000000e+00
1.15549992092788237e-08   -7.35523218978371918e-01   0.00000000000000000e+00
1.15704058748911963e-08   -7.35226094039789224e-01   0.00000000000000000e+00
1.15858125405035672e-08   -7.35451198308358811e-01   0.00000000000000000e+00
1.16012192061159397e-08   -7.36058941788986232e-01   0.00000000000000000e+00
1.16166258717283106e-08   -7.36662582904547780e-01   0.00000000000000000e+00
1.16320325373406831e-08   -7.36874308007024470e-01   0.00000000000000000e+00
1.16474392029530540e-08   -7.36554360234119687e-01   0.00000000000000000e+00
1.16628458685654266e-08   -7.35903194827316476e-01   0.00000000000000000e+00
1.16782525341777975e-08   -7.35335953509353102e-01   0.00000000000000000e+00
1.16936591997901700e-08   -7.35217820154512758e-01   0.00000000000000000e+00
1.17090658654025409e-08   -7.35628947846611148e-01   0.00000000000000000e+00
1.17244725310149134e-08   -7.36310258322609656e-01   0.00000000000000000e+00
1.17398791966272843e-08   -7.36826654665405090e-01   0.00000000000000000e+00
1.17552858622396569e-08   -7.36844859539764307e-01   0.00000000000000000e+00
1.17706925278520278e-08   -7.36348475177220130e-01   0.00000000000000000e+00
1.17860991934644003e-08   -7.35651510946845444e-01   0.00000000000000000e+00
1.18015058590767712e-08   -7.35199782903741772e-01   0.00000000000000000e+00
1.18169125246891437e-08   -7.35285767696352788e-01   0.00000000000000000e+00
1.18323191903015146e-08   -7.35859277565472980e-01   0.00000000000000000e+00
1.18477258559138872e-08   -7.36556482899416110e-01   0.00000000000000000e+00
1.18631325215262597e-08   -7.36930689310192677e-01   0.00000000000000000e+00
1.18785391871386306e-08   -7.36738508859774655e-01   0.00000000000000000e+00
1.18939458527510031e-08   -7.36098106546251740e-01   0.00000000000000000e+00
1.19093525183633740e-08   -7.35416667963407655e-01   0.00000000000000000e+00
1.19247591839757466e-08   -7.35131528080628982e-01   0.00000000000000000e+00
1.19401658495881175e-08   -7.35429521887415061e-01   0.00000000000000000e+00
1.19555725152004900e-08   -7.36124641487504894e-01   0.00000000000000000e+00
1.19709791808128609e-08   -7.36774062856885514e-01   0.00000000000000000e+00
1.19863858464252334e-08   -7.36960220054241888e-01   0.00000000000000000e+00
1.20017925120376043e-08   -7.36559265098701288e-01   0.00000000000000000e+00
1.20171991776499769e-08   -7.35823333673437774e-01   0.00000000000000000e+00
1.20326058432623478e-08   -7.35222050954526307e-01   0.00000000000000000e+00
1.20480125088747203e-08   -7.35142870030936479e-01   0.00000000000000000e+00
1.20634191744870912e-08   -7.35641437763227768e-01   0.00000000000000000e+00
1.20788258400994637e-08   -7.36402805915629788e-01   0.00000000000000000e+00
1.20942325057118346e-08   -7.36940340082513967e-01   0.00000000000000000e+00
1.21096391713242072e-08   -7.36906733076718612e-01   0.00000000000000000e+00
1.21250458369365797e-08   -7.36318365323172630e-01   0.00000000000000000e+00
1.21404525025489506e-08   -7.35548100041907627e-01   0.00000000000000000e+00
1.21558591681613231e-08   -7.35089028127386301e-01   0.00000000000000000e+00
1.21712658337736940e-08   -7.35238835349915409e-01   0.00000000000000000e+00
1.21866724993860666e-08   -7.35906817191415041e-01   0.00000000000000000e+00
1.22020791649984375e-08   -7.36668619472989339e-01   0.00000000000000000e+00
1.22174858306108100e-08   -7.37035789365854566e-01   0.00000000000000000e+00
1.22328924962231809e-08   -7.36768937790062028e-01   0.00000000000000000e+00
1.22482991618355534e-08   -7.36033750333590975e-01   0.00000000000000000e+00
1.22637058274479243e-08   -7.35298215681178147e-01   0.00000000000000000e+00
1.22791124930602969e-08   -7.35034752109359868e-01   0.00000000000000000e+00
1.22945191586726678e-08   -7.35416809694233842e-01   0.00000000000000000e+00
1.23099258242850403e-08   -7.36204780403677206e-01   0.00000000000000000e+00
1.23253324898974112e-08   -7.36896198596211471e-01   0.00000000000000000e+00
1.23407391555097837e-08   -7.37046123165239653e-01   0.00000000000000000e+00
1.23561458211221546e-08   -7.36553435572404269e-01   0.00000000000000000e+00
1.23715524867345272e-08   -7.35728854061703408e-01   0.00000000000000000e+00
1.23869591523468997e-08   -7.35099029442679353e-01   0.00000000000000000e+00
1.24023658179592706e-08   -7.35070203104682851e-01   0.00000000000000000e+00
1.24177724835716432e-08   -7.35666214474627322e-01   0.00000000000000000e+00
1.24331791491840140e-08   -7.36509798903323798e-01   0.00000000000000000e+00
1.24485858147963866e-08   -7.37061346753814961e-01   0.00000000000000000e+00
1.24639924804087575e-08   -7.36964048194128196e-01   0.00000000000000000e+00
1.24793991460211300e-08   -7.36274677406050793e-01   0.00000000000000000e+00
1.24948058116335009e-08   -7.35430773519274772e-01   0.00000000000000000e+00
1.25102124772458735e-08   -7.34972973046745803e-01   0.00000000000000000e+00
1.25256191428582443e-08   -7.35198681918715180e-01   0.00000000000000000e+00
1.25410258084706169e-08   -7.35968927007664142e-01   0.00000000000000000e+00
1.25564324740829878e-08   -7.36793789421806733e-01   0.00000000000000000e+00
1.25718391396953603e-08   -7.37143989545241629e-01   0.00000000000000000e+00
1.25872458053077312e-08   -7.36790477718401449e-01   0.00000000000000000e+00
1.26026524709201038e-08   -7.35954162515164212e-01   0.00000000000000000e+00
1.26180591365324746e-08   -7.35167951724762458e-01   0.00000000000000000e+00
1.26334658021448472e-08   -7.34937205952411410e-01   0.00000000000000000e+00
1.26488724677572197e-08   -7.35414931875604361e-01   0.00000000000000000e+00
1.26642791333695906e-08   -7.36300457422649046e-01   0.00000000000000000e+00
1.26796857989819632e-08   -7.37028606501080263e-01   0.00000000000000000e+00
1.26950924645943341e-08   -7.37130390605922337e-01   0.00000000000000000e+00
1.27104991302067066e-08   -7.36535042571033527e-01   0.00000000000000000e+00
1.27259057958190775e-08   -7.35618900842291978e-01   0.00000000000000000e+00
1.27413124614314500e-08   -7.34967563116837641e-01   0.00000000000000000e+00
1.27567191270438209e-08   -7.35001596639992649e-01   0.00000000000000000e+00
1.27721257926561935e-08   -7.35705020012046740e-01   0.00000000000000000e+00
1.27875324582685643e-08   -7.36631822656187540e-01   0.00000000000000000e+00
1.28029391238809369e-08   -7.37188720779558992e-01   0.00000000000000000e+00
1.28183457894933078e-08   -7.37014917920385981e-01   0.00000000000000000e+00
1.28337524551056803e-08   -7.36215801195275410e-01   0.00000000000000000e+00
1.28491591207180512e-08   -7.35299235674146900e-01   0.00000000000000000e+00
1.28645657863304238e-08   -7.34852833421568929e-01   0.00000000000000000e+00
1.28799724519427946e-08   -7.35167259739420431e-01   0.00000000000000000e+00
1.28953791175551672e-08   -7.36047043072070584e-01   0.00000000000000000e+00
1.29107857831675397e-08   -7.36931985667968803e-01   0.00000000000000000e+00
1.29261924487799106e-08   -7.37253836951452857e-01   0.00000000000000000e+00
1.29415991143922832e-08   -7.36801157774257143e-01   0.00000000000000000e+00
1.29570057800046541e-08   -7.35858120106903657e-01   0.00000000000000000e+00
1.29724124456170266e-08   -7.35026191847140242e-01   0.00000000000000000e+00
1.29878191112293975e-08   -7.34840548575760755e-01   0.00000000000000000e+00
1.30032257768417700e-08   -7.35425829627620486e-01   0.00000000000000000e+00
1.30186324424541409e-08   -7.36412648054508900e-01   0.00000000000000000e+00
1.30340391080665135e-08   -7.37170663760285727e-01   0.00000000000000000e+00
1.30494457736788844e-08   -7.37211194107304735e-01   0.00000000000000000e+00
1.30648524392912569e-08   -7.36502222991660793e-01   0.00000000000000000e+00
1.30802591049036278e-08   -7.35492774940927352e-01   0.00000000000000000e+00
1.30956657705160003e-08   -7.34828572616642250e-01   0.00000000000000000e+00
1.31110724361283712e-08   -7.34939006545516138e-01   0.00000000000000000e+00
1.31264791017407438e-08   -7.35759591949993186e-01   0.00000000000000000e+00
1.31418857673531147e-08   -7.36769277109556531e-01   0.00000000000000000e+00
1.31572924329654872e-08   -7.37321260451467730e-01   0.00000000000000000e+00
1.31726990985778597e-08   -7.37057304330863361e-01   0.00000000000000000e+00
1.31881057641902306e-08   -7.36140169904881625e-01   0.00000000000000000e+00
1.32035124298026032e-08   -7.35153401474106238e-01   0.00000000000000000e+00
1.32189190954149741e-08   -7.34730068010110648e-01   0.00000000000000000e+00
1.32343257610273466e-08   -7.35146640221146064e-01   0.00000000000000000e+00
1.32497324266397175e-08   -7.36142519457094635e-01   0.00000000000000000e+00
1.32651390922520900e-08   -7.37082970037480245e-01   0.00000000000000000e+00
1.32805457578644609e-08   -7.37363646597974709e-01   0.00000000000000000e+00
1.32959524234768335e-08   -7.36798923359335611e-01   0.00000000000000000e+00
1.33113590890892044e-08   -7.35744519240736805e-01   0.00000000000000000e+00
1.33267657547015769e-08   -7.34873497925428776e-01   0.00000000000000000e+00
1.33421724203139478e-08   -7.34746654202062421e-01   0.00000000000000000e+00
1.33575790859263203e-08   -7.35451489887482546e-01   0.00000000000000000e+00
1.33729857515386912e-08   -7.36542173915712417e-01   0.00000000000000000e+00
1.33883924171510638e-08   -7.37321492263207090e-01   0.00000000000000000e+00
1.34037990827634347e-08   -7.37286512576066033e-01   0.00000000000000000e+00
1.34192057483758072e-08   -7.36453107718489153e-01   0.00000000000000000e+00
1.34346124139881797e-08   -7.35349962702809390e-01   0.00000000000000000e+00
1.34500190796005506e-08   -7.34683236884781210e-01   0.00000000000000000e+00
1.34654257452129232e-08   -7.34884553990900802e-01   0.00000000000000000e+00
1.34808324108252941e-08   -7.35831633363158488e-01   0.00000000000000000e+00
1.34962390764376666e-08   -7.36922349336943006e-01   0.00000000000000000e+00
1.35116457420500375e-08   -7.37457509096759556e-01   0.00000000000000000e+00
1.35270524076624100e-08   -7.37089036331429970e-01   0.00000000000000000e+00
1.35424590732747809e-08   -7.36046291554663168e-01   0.00000000000000000e+00
1.35578657388871535e-08   -7.34993421364258714e-01   0.00000000000000000e+00
1.35732724044995244e-08   -7.34606380838411122e-01   0.00000000000000000e+00
1.35886790701118969e-08   -7.35138992047000950e-01   0.00000000000000000e+00
1.36040857357242678e-08   -7.36256596331237523e-01   0.00000000000000000e+00
1.36194924013366403e-08   -7.37246251724490764e-01   0.00000000000000000e+00
1.36348990669490112e-08   -7.37471504144004530e-01   0.00000000000000000e+00
1.36503057325613838e-08   -7.36781661471468396e-01   0.00000000000000000e+00
1.36657123981737547e-08   -7.35612406856760881e-01   0.00000000000000000e+00
1.36811190637861272e-08   -7.34710695652541768e-01   0.00000000000000000e+00
1.36965257293984998e-08   -7.34657604575493450e-01   0.00000000000000000e+00
1.37119323950108706e-08   -7.35493917067093883e-01   0.00000000000000000e+00
1.37273390606232432e-08   -7.36689672051064948e-01   0.00000000000000000e+00
1.37427457262356141e-08   -7.37479945238743051e-01   0.00000000000000000e+00
1.37581523918479866e-08   -7.37354144700953840e-01   0.00000000000000000e+00
1.37735590574603575e-08   -7.36385852169040955e-01   0.00000000000000000e+00
1.37889657230727301e-08   -7.35190164784353728e-01   0.00000000000000000e+00
1.38043723886851009e-08   -7.34533001812365249e-01   0.00000000000000000e+00
1.38197790542974735e-08   -7.34840508179951390e-01   0.00000000000000000e+00
1.38351857199098444e-08   -7.35922780727762738e-01   0.00000000000000000e+00
1.38505923855222169e-08   -7.37090987181968860e-01   0.00000000000000000e+00
1.38659990511345878e-08   -7.37595751421646462e-01   0.00000000000000000e+00
1.38814057167469604e-08   -7.37107831137586822e-01   0.00000000000000000e+00
1.38968123823593312e-08   -7.35932781846779238e-01   0.00000000000000000e+00
1.39122190479717038e-08   -7.34819704427764453e-01   0.00000000000000000e+00
1.39276257135840747e-08   -7.34483719714929983e-01   0.00000000000000000e+00
1.39430323791964472e-08   -7.35146555920529687e-01   0.00000000000000000e+00
1.39584390448088198e-08   -7.36390367107710775e-01   0.00000000000000000e+00
1.39738457104211907e-08   -7.37421067951166020e-01   0.00000000000000000e+00
1.39892523760335632e-08   -7.37575272549416128e-01   0.00000000000000000e+00
1.40046590416459341e-08   -7.36747229155626626e-01   0.00000000000000000e+00
1.40200657072583066e-08   -7.35461012716988827e-01   0.00000000000000000e+00
1.40354723728706775e-08   -7.34538889531089811e-01   0.00000000000000000e+00
1.40508790384830501e-08   -7.34575677236908642e-01   0.00000000000000000e+00
1.40662857040954210e-08   -7.35555102067563027e-01   0.00000000000000000e+00
1.40816923697077935e-08   -7.36855564558977383e-01   0.00000000000000000e+00
1.40970990353201644e-08   -7.37644597032357741e-01   0.00000000000000000e+00
1.41125057009325369e-08   -7.37411725521151640e-01   0.00000000000000000e+00
1.41279123665449078e-08   -7.36298669080369561e-01   0.00000000000000000e+00
1.41433190321572804e-08   -7.35013324118240718e-01   0.00000000000000000e+00
1.41587256977696512e-08   -7.34379585378942989e-01   0.00000000000000000e+00
1.41741323633820238e-08   -7.34809265287472591e-01   0.00000000000000000e+00
1.41895390289943947e-08   -7.36034570121676612e-01   0.00000000000000000e+00
1.42049456946067672e-08   -7.37274874423386128e-01   0.00000000000000000e+00
1.42203523602191398e-08   -7.37734013644374409e-01   0.00000000000000000e+00
1.42357590258315107e-08   -7.37111319368426665e-01   0.00000000000000000e+00
1.42511656914438832e-08   -7.35798398157710087e-01   0.00000000000000000e+00
1.42665723570562541e-08   -7.34632939438969568e-01   0.00000000000000000e+00
1.42819790226686266e-08   -7.34364270762192239e-01   0.00000000000000000e+00
1.42973856882809975e-08   -7.35171616009978601e-01   0.00000000000000000e+00
1.43127923538933701e-08   -7.36544745096563536e-01   0.00000000000000000e+00
1.43281990195057410e-08   -7.37606367262674478e-01   0.00000000000000000e+00
1.43436056851181135e-08   -7.37672602809802735e-01   0.00000000000000000e+00
1.43590123507304844e-08   -7.36693484860183379e-01   0.00000000000000000e+00
1.43744190163428569e-08   -7.35289781278820942e-01   0.00000000000000000e+00
1.43898256819552278e-08   -7.34359474764408993e-01   0.00000000000000000e+00
1.44052323475676004e-08   -7.34503329721422515e-01   0.00000000000000000e+00
1.44206390131799713e-08   -7.35636988860699059e-01   0.00000000000000000e+00
1.44360456787923438e-08   -7.37040028996447716e-01   0.00000000000000000e+00
1.44514523444047147e-08   -7.37813736381954133e-01   0.00000000000000000e+00
1.44668590100170872e-08   -7.37456746969597621e-01   0.00000000000000000e+00
1.44822656756294598e-08   -7.36189863191918037e-01   0.00000000000000000e+00
1.44976723412418307e-08   -7.34819652472451179e-01   0.00000000000000000e+00
1.45130790068542032e-08   -7.34224978979887033e-01   0.00000000000000000e+00
1.45284856724665741e-08   -7.34793323622320083e-01   0.00000000000000000e+00
1.45438923380789466e-08   -7.36168402115973231e-01   0.00000000000000000e+00
1.45592990036913175e-08   -7.37473407944015724e-01   0.00000000000000000e+00
1.45747056693036901e-08   -7.37870067664310847e-01   0.00000000000000000e+00
1.45901123349160610e-08   -7.37097073618783072e-01   0.00000000000000000e+00
1.46055190005284335e-08   -7.35642074212898400e-01   0.00000000000000000e+00
1.46209256661408044e-08   -7.34434113357940510e-01   0.00000000000000000e+00
1.46363323317531769e-08   -7.34250448785651599e-01   0.00000000000000000e+00
1.46517389973655478e-08   -7.35216468298140691e-01   0.00000000000000000e+00
1.46671456629779204e-08   -7.36720430123001035e-01   0.00000000000000000e+00
1.46825523285902913e-08   -7.37800795878311488e-01   0.00000000000000000e+00
1.46979589942026638e-08   -7.37760948880244904e-01   0.00000000000000000e+00
1.47133656598150347e-08   -7.36618322424027805e-01   0.00000000000000000e+00
1.47287723254274072e-08   -7.35098402945984608e-01   0.00000000000000000e+00
1.47441789910397798e-08   -7.34174145663801681e-01   0.00000000000000000e+00
1.47595856566521507e-08   -7.34443179643802124e-01   0.00000000000000000e+00
1.47749923222645232e-08   -7.35741438972446371e-01   0.00000000000000000e+00
1.47903989878768941e-08   -7.37242970054194258e-01   0.00000000000000000e+00
1.48058056534892666e-08   -7.37985363523831039e-01   0.00000000000000000e+00
1.48212123191016375e-08   -7.37486582349968112e-01   0.00000000000000000e+00
1.48366189847140101e-08   -7.36057867436515245e-01   0.00000000000000000e+00
1.48520256503263810e-08   -7.34609655116098548e-01   0.00000000000000000e+00
1.48674323159387535e-08   -7.34071444668067730e-01   0.00000000000000000e+00
1.48828389815511244e-08   -7.34795255133873004e-01   0.00000000000000000e+00
1.48982456471634969e-08   -7.36325505791281087e-01   0.00000000000000000e+00
1.49136523127758678e-08   -7.37685677375557791e-01   0.00000000000000000e+00
1.49290589783882387e-08   -7.38001439474346155e-01   0.00000000000000000e+00
1.49444656440006129e-08   -7.37062640318093321e-01   0.00000000000000000e+00
1.49598723096129838e-08   -7.35462954975801719e-01   0.00000000000000000e+00
1.49752789752253547e-08   -7.34224526821634749e-01   0.00000000000000000e+00
1.49906856408377289e-08   -7.34144883344569399e-01   0.00000000000000000e+00
1.50060923064500998e-08   -7.35283386099910841e-01   0.00000000000000000e+00
1.50214989720624707e-08   -7.36917875603822603e-01   0.00000000000000000e+00
1.50369056376748416e-08   -7.38002687504721977e-01   0.00000000000000000e+00
1.50523123032872158e-08   -7.37837586846587290e-01   0.00000000000000000e+00
1.50677189688995867e-08   -7.36519707367586540e-01   0.00000000000000000e+00
1.50831256345119575e-08   -7.34886844193708755e-01   0.00000000000000000e+00
1.50985323001243284e-08   -7.33984900215705616e-01   0.00000000000000000e+00
1.51139389657367026e-08   -7.34397980691742003e-01   0.00000000000000000e+00
1.51293456313490735e-08   -7.35870194252501886e-01   0.00000000000000000e+00
1.51447522969614444e-08   -7.37463993004010665e-01   0.00000000000000000e+00
1.51601589625738153e-08   -7.38157191426120907e-01   0.00000000000000000e+00
1.51755656281861895e-08   -7.37498514648615822e-01   0.00000000000000000e+00
1.51909722937985604e-08   -7.35901280207570951e-01   0.00000000000000000e+00
1.52063789594109313e-08   -7.34384153104013837e-01   0.00000000000000000e+00
1.52217856250233022e-08   -7.33921508079195650e-01   0.00000000000000000e+00
1.52371922906356764e-08   -7.34817673437254459e-01   0.00000000000000000e+00
1.52525989562480473e-08   -7.36506902348083026e-01   0.00000000000000000e+00
1.52680056218604181e-08   -7.37910447681161541e-01   0.00000000000000000e+00
1.52834122874727923e-08   -7.38125421974467066e-01   0.00000000000000000e+00
1.52988189530851632e-08   -7.37005574628053495e-01   0.00000000000000000e+00
1.53142256186975341e-08   -7.35260431256463343e-01   0.00000000000000000e+00
1.53296322843099050e-08   -7.34005806207487344e-01   0.00000000000000000e+00
1.53450389499222792e-08   -7.34050400443972628e-01   0.00000000000000000e+00
1.53604456155346501e-08   -7.35374583062296416e-01   0.00000000000000000e+00
1.53758522811470210e-08   -7.37137256590646883e-01   0.00000000000000000e+00
1.53912589467593919e-08   -7.38210056987190555e-01   0.00000000000000000e+00
1.54066656123717661e-08   -7.37899638345682729e-01   0.00000000000000000e+00
1.54220722779841370e-08   -7.36395715113226657e-01   0.00000000000000000e+00
1.54374789435965078e-08   -7.34655376057765097e-01   0.00000000000000000e+00
1.54528856092088787e-08   -7.33794040490414634e-01   0.00000000000000000e+00
1.54682922748212529e-08   -7.34370594605576299e-01   0.00000000000000000e+00
1.54836989404336238e-08   -7.36024838355728073e-01   0.00000000000000000e+00
1.54991056060459947e-08   -7.37702379417918164e-01   0.00000000000000000e+00
1.55145122716583689e-08   -7.38326651402087641e-01   0.00000000000000000e+00
1.55299189372707398e-08   -7.37489768523839628e-01   0.00000000000000000e+00
1.55453256028831107e-08   -7.35718903235394128e-01   0.00000000000000000e+00
1.55607322684954816e-08   -7.34144302703348961e-01   0.00000000000000000e+00
1.55761389341078558e-08   -7.33777946861094654e-01   0.00000000000000000e+00
1.55915455997202267e-08   -7.34863198590811395e-01   0.00000000000000000e+00
1.56069522653325976e-08   -7.36713368808379454e-01   0.00000000000000000e+00
1.56223589309449684e-08   -7.38146145117692609e-01   0.00000000000000000e+00
1.56377655965573426e-08   -7.38239092288573651e-01   0.00000000000000000e+00
1.56531722621697135e-08   -7.36923478074843707e-01   0.00000000000000000e+00
1.56685789277820844e-08   -7.35034173523838485e-01   0.00000000000000000e+00
1.56839855933944553e-08   -7.33779911873319701e-01   0.00000000000000000e+00
1.56993922590068295e-08   -7.33969999826236119e-01   0.00000000000000000e+00
1.57147989246192004e-08   -7.35492174014708455e-01   0.00000000000000000e+00
1.57302055902315713e-08   -7.37378439301471289e-01   0.00000000000000000e+00
1.57456122558439422e-08   -7.38420598139452600e-01   0.00000000000000000e+00
1.57610189214563164e-08   -7.37944098174842300e-01   0.00000000000000000e+00
1.57764255870686873e-08   -7.36244570712624835e-01   0.00000000000000000e+00
1.57918322526810582e-08   -7.34404600472928992e-01   0.00000000000000000e+00
1.58072389182934324e-08   -7.33604168616072805e-01   0.00000000000000000e+00
1.58226455839058032e-08   -7.34363959284199175e-01   0.00000000000000000e+00
1.58380522495181741e-08   -7.36206757402257828e-01   0.00000000000000000e+00
1.58534589151305450e-08   -7.37957065654070488e-01   0.00000000000000000e+00
1.58688655807429192e-08   -7.38490903308732904e-01   0.00000000000000000e+00
1.58842722463552901e-08   -7.37457545756108335e-01   0.00000000000000000e+00
1.58996789119676610e-08   -7.35509779572571021e-01   0.00000000000000000e+00
1.59150855775800319e-08   -7.33891611498800112e-01   0.00000000000000000e+00
1.59304922431924061e-08   -7.33643774477460542e-01   0.00000000000000000e+00
1.59458989088047770e-08   -7.34934418913912313e-01   0.00000000000000000e+00
1.59613055744171479e-08   -7.36945402330213994e-01   0.00000000000000000e+00
1.59767122400295188e-08   -7.38390846998507211e-01   0.00000000000000000e+00
1.59921189056418929e-08   -7.38339333634575157e-01   0.00000000000000000e+00
1.60075255712542638e-08   -7.36814038562487617e-01   0.00000000000000000e+00
1.60229322368666347e-08   -7.34784164391042216e-01   0.00000000000000000e+00
1.60383389024790056e-08   -7.33549142205647153e-01   0.00000000000000000e+00
1.60537455680913798e-08   -7.33906827893642144e-01   0.00000000000000000e+00
1.60691522337037507e-08   -7.35638134080703554e-01   0.00000000000000000e+00
1.60845588993161216e-08   -7.37640952668218386e-01   0.00000000000000000e+00
1.60999655649284958e-08   -7.38631686057495740e-01   0.00000000000000000e+00
1.61153722305408667e-08   -7.37967865977144144e-01   0.00000000000000000e+00
1.61307788961532376e-08   -7.36064689620961832e-01   0.00000000000000000e+00
1.61461855617656085e-08   -7.34135473948865247e-01   0.00000000000000000e+00
1.61615922273779827e-08   -7.33418178083058647e-01   0.00000000000000000e+00
1.61769988929903535e-08   -7.34381053210963142e-01   0.00000000000000000e+00
1.61924055586027244e-08   -7.36417100315012174e-01   0.00000000000000000e+00
1.62078122242150953e-08   -7.38226624592979830e-01   0.00000000000000000e+00
1.62232188898274695e-08   -7.38646850487997830e-01   0.00000000000000000e+00
1.62386255554398404e-08   -7.37399063888305339e-01   0.00000000000000000e+00
1.62540322210522113e-08   -7.35273231162594021e-01   0.00000000000000000e+00
1.62694388866645822e-08   -7.33627950733570233e-01   0.00000000000000000e+00
1.62848455522769564e-08   -7.33522219311474655e-01   0.00000000000000000e+00
1.63002522178893273e-08   -7.35033850187627014e-01   0.00000000000000000e+00
1.63156588835016982e-08   -7.37203185675216699e-01   0.00000000000000000e+00
1.63310655491140724e-08   -7.38642275647151125e-01   0.00000000000000000e+00
1.63464722147264433e-08   -7.38422861736683256e-01   0.00000000000000000e+00
1.63618788803388141e-08   -7.36675072360954419e-01   0.00000000000000000e+00
1.63772855459511850e-08   -7.34510729232559445e-01   0.00000000000000000e+00
1.63926922115635592e-08   -7.33316133148814386e-01   0.00000000000000000e+00
1.64080988771759301e-08   -7.33864146359138547e-01   0.00000000000000000e+00
1.64235055427883010e-08   -7.35814256511623355e-01   0.00000000000000000e+00
1.64389122084006719e-08   -7.37923962428478575e-01   0.00000000000000000e+00
1.64543188740130461e-08   -7.38840384173627851e-01   0.00000000000000000e+00
1.64697255396254170e-08   -7.37967781821488922e-01   0.00000000000000000e+00
1.64851322052377879e-08   -7.35854719014988112e-01   0.00000000000000000e+00
1.65005388708501588e-08   -7.33849328081504271e-01   0.00000000000000000e+00
1.65159455364625330e-08   -7.33239240200618148e-01   0.00000000000000000e+00
1.65313522020749039e-08   -7.34424856460439535e-01   0.00000000000000000e+00
1.65467588676872747e-08   -7.36656739367739233e-01   0.00000000000000000e+00
1.65621655332996456e-08   -7.38509251087347773e-01   0.00000000000000000e+00
1.65775721989120198e-08   -7.38791159546233978e-01   0.00000000000000000e+00
1.65929788645243907e-08   -7.37311597721890810e-01   0.00000000000000000e+00
1.66083855301367616e-08   -7.35008895441650378e-01   0.00000000000000000e+00
1.66237921957491358e-08   -7.33355563472866234e-01   0.00000000000000000e+00
1.66391988613615067e-08   -7.33416699058471622e-01   0.00000000000000000e+00
1.66546055269738776e-08   -7.35163892637548999e-01   0.00000000000000000e+00
1.66700121925862485e-08   -7.37486554382997261e-01   0.00000000000000000e+00
1.66854188581986227e-08   -7.38897796895230052e-01   0.00000000000000000e+00
1.67008255238109936e-08   -7.38486255705539718e-01   0.00000000000000000e+00
1.67162321894233644e-08   -7.36504567613965544e-01   0.00000000000000000e+00
1.67316388550357353e-08   -7.34214564388981916e-01   0.00000000000000000e+00
1.67470455206481095e-08   -7.33083852930308089e-01   0.00000000000000000e+00
1.67624521862604804e-08   -7.33845296783517176e-01   0.00000000000000000e+00
1.67778588518728513e-08   -7.36022109742484609e-01   0.00000000000000000e+00
1.67932655174852222e-08   -7.38226248283482711e-01   0.00000000000000000e+00
1.68086721830975964e-08   -7.39043456259577458e-01   0.00000000000000000e+00
1.68240788487099673e-08   -7.37940665438338916e-01   0.00000000000000000e+00
1.68394855143223382e-08   -7.35613579120667715e-01   0.00000000000000000e+00
1.68548921799347124e-08   -7.33547886412648342e-01   0.00000000000000000e+00
1.68702988455470833e-08   -7.33070785578294859e-01   0.00000000000000000e+00
1.68857055111594542e-08   -7.34498308600829763e-01   0.00000000000000000e+00
1.69011121767718250e-08   -7.36926231499367534e-01   0.00000000000000000e+00
1.69165188423841992e-08   -7.38802751565941551e-01   0.00000000000000000e+00
1.69319255079965701e-08   -7.38920285014047162e-01   0.00000000000000000e+00
1.69473321736089410e-08   -7.37192523285006840e-01   0.00000000000000000e+00
1.69627388392213119e-08   -7.34716760409328984e-01   0.00000000000000000e+00
1.69781455048336861e-08   -7.33077068207454663e-01   0.00000000000000000e+00
1.69935521704460570e-08   -7.33330790452964898e-01   0.00000000000000000e+00
1.70089588360584279e-08   -7.35326786143485900e-01   0.00000000000000000e+00
1.70243655016707988e-08   -7.37794966211491765e-01   0.00000000000000000e+00
1.70397721672831730e-08   -7.39154423438885488e-01   0.00000000000000000e+00
1.70551788328955439e-08   -7.38525993253446367e-01   0.00000000000000000e+00
1.70705854985079148e-08   -7.36300728871182031e-01   0.00000000000000000e+00
1.70859921641202856e-08   -7.33896762419129489e-01   0.00000000000000000e+00
1.71013988297326598e-08   -7.32855591744396073e-01   0.00000000000000000e+00
1.71168054953450307e-08   -7.33853661216842590e-01   0.00000000000000000e+00
1.71322121609574016e-08   -7.36262994204321508e-01   0.00000000000000000e+00
1.71476188265697758e-08   -7.38546184629903402e-01   0.00000000000000000e+00
1.71630254921821467e-08   -7.39237383533201231e-01   0.00000000000000000e+00
1.71784321577945176e-08   -7.37883358812757573e-01   0.00000000000000000e+00
1.71938388234068885e-08   -7.35340503990217775e-01   0.00000000000000000e+00
1.72092454890192627e-08   -7.33233277175726839e-01   0.00000000000000000e+00
1.72246521546316336e-08   -7.32916480565540596e-01   0.00000000000000000e+00
1.72400588202440045e-08   -7.34604263864369278e-01   0.00000000000000000e+00
1.72554654858563754e-08   -7.37225780967187827e-01   0.00000000000000000e+00
1.72708721514687496e-08   -7.39104538196305394e-01   0.00000000000000000e+00
1.72862788170811204e-08   -7.39030498862925267e-01   0.00000000000000000e+00
1.73016854826934913e-08   -7.37039363834955941e-01   0.00000000000000000e+00
1.73170921483058622e-08   -7.34397197597351448e-01   0.00000000000000000e+00
1.73324988139182364e-08   -7.32795457559974217e-01   0.00000000000000000e+00
1.73479054795306073e-08   -7.33268194443656429e-01   0.00000000000000000e+00
1.73633121451429782e-08   -7.35524564168380190e-01   0.00000000000000000e+00
1.73787188107553524e-08   -7.38127473398499934e-01   0.00000000000000000e+00
1.73941254763677233e-08   -7.39408823315100050e-01   0.00000000000000000e+00
1.74095321419800942e-08   -7.38538490043354812e-01   0.00000000000000000e+00
1.74249388075924651e-08   -7.36062022109270631e-01   0.00000000000000000e+00
1.74403454732048393e-08   -7.33558833873347527e-01   0.00000000000000000e+00
1.74557521388172101e-08   -7.32634946215403149e-01   0.00000000000000000e+00
1.74711588044295810e-08   -7.33892619228605492e-01   0.00000000000000000e+00
1.74865654700419519e-08   -7.36537899458926781e-01   0.00000000000000000e+00
1.75019721356543261e-08   -7.38881725350001517e-01   0.00000000000000000e+00
1.75173788012666970e-08   -7.39418386960412177e-01   0.00000000000000000e+00
1.75327854668790679e-08   -7.37792771773617018e-01   0.00000000000000000e+00
1.75481921324914388e-08   -7.35035081145462343e-01   0.00000000000000000e+00
1.75635987981038130e-08   -7.32908041496530438e-01   0.00000000000000000e+00
1.75790054637161839e-08   -7.32780198647501990e-01   0.00000000000000000e+00
1.75944121293285548e-08   -7.34745444015288296e-01   0.00000000000000000e+00
1.76098187949409257e-08   -7.37555203925338576e-01   0.00000000000000000e+00
1.76252254605532999e-08   -7.39411627973568075e-01   0.00000000000000000e+00
1.76406321261656707e-08   -7.39117924790378189e-01   0.00000000000000000e+00
1.76560387917780416e-08   -7.36849837406763575e-01   0.00000000000000000e+00
1.76714454573904158e-08   -7.34050992360487209e-01   0.00000000000000000e+00
1.76868521230027867e-08   -7.32514091800049005e-01   0.00000000000000000e+00
1.77022587886151576e-08   -7.33232696993772137e-01   0.00000000000000000e+00
1.77176654542275285e-08   -7.35759006942420357e-01   0.00000000000000000e+00
1.77330721198399027e-08   -7.38482698295849005e-01   0.00000000000000000e+00
1.77484787854522736e-08   -7.39657333710839415e-01   0.00000000000000000e+00
1.77638854510646445e-08   -7.38520142908706378e-01   0.00000000000000000e+00
1.77792921166770154e-08   -7.35787219670784864e-01   0.00000000000000000e+00
1.77946987822893896e-08   -7.33202725074750039e-01   0.00000000000000000e+00
1.78101054479017605e-08   -7.32425798514868553e-01   0.00000000000000000e+00
1.78255121135141313e-08   -7.33965501669853637e-01   0.00000000000000000e+00
1.78409187791265022e-08   -7.36847462248760077e-01   0.00000000000000000e+00
1.78563254447388764e-08   -7.39230393122203511e-01   0.00000000000000000e+00
1.78717321103512473e-08   -7.39582454786766652e-01   0.00000000000000000e+00
1.78871387759636182e-08   -7.37665930162910821e-01   0.00000000000000000e+00
1.79025454415759924e-08   -7.34697289487435623e-01   0.00000000000000000e+00
1.79179521071883633e-08   -7.32575136650019609e-01   0.00000000000000000e+00
1.79333587728007342e-08   -7.32665986855815188e-01   0.00000000000000000e+00
1.79487654384131051e-08   -7.34924389394804201e-01   0.00000000000000000e+00
1.79641721040254793e-08   -7.37913895521307595e-01   0.00000000000000000e+00
1.79795787696378502e-08   -7.39720647060708392e-01   0.00000000000000000e+00
1.79949854352502211e-08   -7.39178577122192260e-01   0.00000000000000000e+00
1.80103921008625919e-08   -7.36621905376281916e-01   0.00000000000000000e+00
1.80257987664749661e-08   -7.33679370918932872e-01   0.00000000000000000e+00
1.80412054320873370e-08   -7.32236686924912727e-01   0.00000000000000000e+00
1.80566120976997079e-08   -7.33228125747597659e-01   0.00000000000000000e+00
1.80720187633120788e-08   -7.36031594473249728e-01   0.00000000000000000e+00
1.80874254289244530e-08   -7.38858812910719975e-01   0.00000000000000000e+00
1.81028320945368239e-08   -7.39895980259640429e-01   0.00000000000000000e+00
1.81182387601491948e-08   -7.38467376618888616e-01   0.00000000000000000e+00
1.81336454257615657e-08   -7.35475444524018362e-01   0.00000000000000000e+00
1.81490520913739399e-08   -7.32830831423021523e-01   0.00000000000000000e+00
1.81644587569863108e-08   -7.32232290070700120e-01   0.00000000000000000e+00
1.81798654225986816e-08   -7.34075541569348955e-01   0.00000000000000000e+00
1.81952720882110558e-08   -7.37191926070438042e-01   0.00000000000000000e+00
1.82106787538234267e-08   -7.39589273676289460e-01   0.00000000000000000e+00
1.82260854194357976e-08   -7.39725375265744334e-01   0.00000000000000000e+00
1.82414920850481685e-08   -7.37500026115390561e-01   0.00000000000000000e+00
1.82568987506605427e-08   -7.34327534866627829e-01   0.00000000000000000e+00
1.82723054162729136e-08   -7.32237934020615877e-01   0.00000000000000000e+00
1.82877120818852845e-08   -7.32578027321859615e-01   0.00000000000000000e+00
1.83031187474976554e-08   -7.35143408669706511e-01   0.00000000000000000e+00
1.83185254131100296e-08   -7.38300800098573795e-01   0.00000000000000000e+00
1.83339320787224005e-08   -7.40027840652137447e-01   0.00000000000000000e+00
1.83493387443347714e-08   -7.39208404111987960e-01   0.00000000000000000e+00
1.83647454099471422e-08   -7.36353821466510627e-01   0.00000000000000000e+00
1.83801520755595164e-08   -7.33284023595673129e-01   0.00000000000000000e+00
1.83955587411718873e-08   -7.31967297121569938e-01   0.00000000000000000e+00
1.84109654067842582e-08   -7.33258302870846479e-01   0.00000000000000000e+00
1.84263720723966324e-08   -7.36343459984956539e-01   0.00000000000000000e+00
1.84417787380090033e-08   -7.39253522865248702e-01   0.00000000000000000e+00
1.84571854036213742e-08   -7.40120501916573970e-01   0.00000000000000000e+00
1.84725920692337451e-08   -7.38376693801706341e-01   0.00000000000000000e+00
1.84879987348461193e-08   -7.35126213224388314e-01   0.00000000000000000e+00
1.85034054004584902e-08   -7.32446005768030983e-01   0.00000000000000000e+00
1.85188120660708611e-08   -7.32058789873534566e-01   0.00000000000000000e+00
1.85342187316832320e-08   -7.34225822624518187e-01   0.00000000000000000e+00
1.85496253972956062e-08   -7.37571102893004094e-01   0.00000000000000000e+00
1.85650320629079770e-08   -7.39955015376079328e-01   0.00000000000000000e+00
1.85804387285203479e-08   -7.39842774481867527e-01   0.00000000000000000e+00
1.85958453941327188e-08   -7.37292469926464800e-01   0.00000000000000000e+00
1.86112520597450930e-08   -7.33926682706231626e-01   0.00000000000000000e+00
1.86266587253574639e-08   -7.31900211462959471e-01   0.00000000000000000e+00
1.86420653909698348e-08   -7.32520594169302930e-01   0.00000000000000000e+00
1.86574720565822057e-08   -7.35404527855688439e-01   0.00000000000000000e+00
1.86728787221945799e-08   -7.38714385084714320e-01   0.00000000000000000e+00
1.86882853878069508e-08   -7.40329088576074046e-01   0.00000000000000000e+00
1.87036920534193217e-08   -7.39203335350751778e-01   0.00000000000000000e+00
1.87190987190316959e-08   -7.36044180590687769e-01   0.00000000000000000e+00
1.87345053846440667e-08   -7.32867123712188873e-01   0.00000000000000000e+00
1.87499120502564376e-08   -7.31710291488359199e-01   0.00000000000000000e+00
1.87653187158688085e-08   -7.33326994436284130e-01   0.00000000000000000e+00
1.87807253814811827e-08   -7.36695344413125119e-01   0.00000000000000000e+00
1.87961320470935536e-08   -7.39664056255215807e-01   0.00000000000000000e+00
1.88115387127059245e-08   -7.40326381436954839e-01   0.00000000000000000e+00
1.88269453783182954e-08   -7.38244727575756765e-01   0.00000000000000000e+00
1.88423520439306696e-08   -7.34739476943997216e-01   0.00000000000000000e+00
1.88577587095430405e-08   -7.32051561440006493e-01   0.00000000000000000e+00
1.88731653751554114e-08   -7.31909857452883839e-01   0.00000000000000000e+00
1.88885720407677823e-08   -7.34419225799897823e-01   0.00000000000000000e+00
1.89039787063801565e-08   -7.37984337645455568e-01   0.00000000000000000e+00
1.89193853719925273e-08   -7.40323834465089869e-01   0.00000000000000000e+00
1.89347920376048982e-08   -7.39930159099191465e-01   0.00000000000000000e+00
1.89501987032172724e-08   -7.37040942941766586e-01   0.00000000000000000e+00
1.89656053688296433e-08   -7.33496087077679881e-01   0.00000000000000000e+00
1.89810120344420142e-08   -7.31566139813922489e-01   0.00000000000000000e+00
1.89964187000543851e-08   -7.32498006008921343e-01   0.00000000000000000e+00
1.90118253656667593e-08   -7.35709439222744011e-01   0.00000000000000000e+00
1.90272320312791302e-08   -7.39152619127317889e-01   0.00000000000000000e+00
1.90426386968915011e-08   -7.40619926791861727e-01   0.00000000000000000e+00
1.90580453625038720e-08   -7.39159332935180213e-01   0.00000000000000000e+00
1.90734520281162462e-08   -7.35691966898162186e-01   0.00000000000000000e+00
1.90888586937286171e-08   -7.32431341632242661e-01   0.00000000000000000e+00
1.91042653593409879e-08   -7.31470324957327223e-01   0.00000000000000000e+00
1.91196720249533588e-08   -7.33437856786294473e-01   0.00000000000000000e+00
1.91350786905657330e-08   -7.37087552601685680e-01   0.00000000000000000e+00
1.91504853561781039e-08   -7.40087157853286381e-01   0.00000000000000000e+00
1.91658920217904748e-08   -7.40508881417451970e-01   0.00000000000000000e+00
1.91812986874028457e-08   -7.38068296390074763e-01   0.00000000000000000e+00
1.91967053530152199e-08   -7.34315659927382791e-01   0.00000000000000000e+00
1.92121120186275908e-08   -7.31651269567000662e-01   0.00000000000000000e+00
1.92275186842399617e-08   -7.31790200664279911e-01   0.00000000000000000e+00
1.92429253498523359e-08   -7.34658374595093089e-01   0.00000000000000000e+00
1.92583320154647068e-08   -7.38430476096116117e-01   0.00000000000000000e+00
1.92737386810770777e-08   -7.40691526258469346e-01   0.00000000000000000e+00
1.92891453466894485e-08   -7.39982963796426585e-01   0.00000000000000000e+00
1.93045520123018227e-08   -7.36743450859917992e-01   0.00000000000000000e+00
1.93199586779141936e-08   -7.33037615640435902e-01   0.00000000000000000e+00
1.93353653435265645e-08   -7.31240263366176535e-01   0.00000000000000000e+00
1.93507720091389354e-08   -7.32514574367084226e-01   0.00000000000000000e+00
1.93661786747513096e-08   -7.36059450723320685e-01   0.00000000000000000e+00
1.93815853403636805e-08   -7.39612955016685558e-01   0.00000000000000000e+00
1.93969920059760514e-08   -7.40895574872922347e-01   0.00000000000000000e+00
1.94123986715884223e-08   -7.39072445977926207e-01   0.00000000000000000e+00
1.94278053372007965e-08   -7.35296600365251574e-01   0.00000000000000000e+00
1.94432120028131674e-08   -7.31979853477214615e-01   0.00000000000000000e+00
1.94586186684255382e-08   -7.31252303428819528e-01   0.00000000000000000e+00
1.94740253340379124e-08   -7.33594380365529819e-01   0.00000000000000000e+00
1.94894319996502833e-08   -7.37519911860685773e-01   0.00000000000000000e+00
1.95048386652626542e-08   -7.40519089058773727e-01   0.00000000000000000e+00
1.95202453308750251e-08   -7.40663085785506992e-01   0.00000000000000000e+00
1.95356519964873993e-08   -7.37844460512962041e-01   0.00000000000000000e+00
1.95510586620997702e-08   -7.33855694728858254e-01   0.00000000000000000e+00
1.95664653277121411e-08   -7.31249350362505934e-01   0.00000000000000000e+00
1.95818719933245120e-08   -7.31704628502291010e-01   0.00000000000000000e+00
1.95972786589368862e-08   -7.34945579592366727e-01   0.00000000000000000e+00
1.96126853245492571e-08   -7.38907836738253443e-01   0.00000000000000000e+00
1.96280919901616280e-08   -7.41053482505231065e-01   0.00000000000000000e+00
1.96434986557739988e-08   -7.39996603077582527e-01   0.00000000000000000e+00
1.96589053213863730e-08   -7.36398376800851517e-01   0.00000000000000000e+00
1.96743119869987439e-08   -7.32553669877097691e-01   0.00000000000000000e+00
1.96897186526111148e-08   -7.30927474178628134e-01   0.00000000000000000e+00
1.97051253182234857e-08   -7.32574548448496232e-01   0.00000000000000000e+00
1.97205319838358599e-08   -7.36455436612928560e-01   0.00000000000000000e+00
1.97359386494482308e-08   -7.40092317904628039e-01   0.00000000000000000e+00
1.97513453150606017e-08   -7.41150969496923606e-01   0.00000000000000000e+00
1.97667519806729759e-08   -7.38938867978871428e-01   0.00000000000000000e+00
1.97821586462853468e-08   -7.34857981255629955e-01   0.00000000000000000e+00
1.97975653118977177e-08   -7.31516344076290181e-01   0.00000000000000000e+00
1.98129719775100886e-08   -7.31061343201088731e-01   0.00000000000000000e+00
1.98283786431224628e-08   -7.33799831573651806e-01   0.00000000000000000e+00
1.98437853087348336e-08   -7.37991733549838047e-01   0.00000000000000000e+00
1.98591919743472045e-08   -7.40955633946977277e-01   0.00000000000000000e+00
1.98745986399595754e-08   -7.40783946551202388e-01   0.00000000000000000e+00
1.98900053055719496e-08   -7.37570579563810558e-01   0.00000000000000000e+00
1.99054119711843205e-08   -7.33361053593530654e-01   0.00000000000000000e+00
1.99208186367966914e-08   -7.30850458123074698e-01   0.00000000000000000e+00
1.99362253024090623e-08   -7.31657999224562094e-01   0.00000000000000000e+00
1.99516319680214365e-08   -7.35282782931996559e-01   0.00000000000000000e+00
1.99670386336338074e-08   -7.39414187277387280e-01   0.00000000000000000e+00
1.99824452992461783e-08   -7.41404715081133925e-01   0.00000000000000000e+00
1.99978519648585525e-08   -7.39966527079759517e-01   0.00000000000000000e+00
